,Cluster 1,Cluster 2,Cluster 3,Cluster 7,Cluster 10,Cluster 24,Cluster 43,Cluster 44,Cluster 47,Cluster 49,Cluster 51,Cluster 53,Cluster 54,Cluster 55,Cluster 56,Cluster 61,Cluster 64,Cluster 65,Cluster 66,Cluster 69,Cluster 72,Cluster 84,mean wt CN_1,mean bent 150 degrees CN_2,std_dev square pyramidal CN_5,mean wt CN_9,mean wt CN_11,std_dev wt CN_11,std_dev q2 CN_11,mean wt CN_13,std_dev wt CN_13,mean ordering parameter shell 2,xrd_36,xrd_97,xrd_112,xrd_117,xrd_123,jml_adf1_48,jml_adf1_82
0,0.391139001,-0.700044264,-1.442600804,-0.095747508,0.370664202,-0.127865549,-0.901641507,-0.878073408,-0.095516209,-0.026505779,0.646626047,-0.004424082,1.168065575,0.588953442,0.969597072,-0.48735121,0.648513339,-0.074797646,0.675918614,-0.242554579,-0.350946434,-0.016116292,-0.332539431,-0.46069735,-0.525270416,-0.547949578,-0.738161908,-0.809233089,-0.433558928,-0.427986448,-0.476452662,0.130871601,-0.723461079,-0.386511133,-0.706910112,0.073955859,-0.385768291,-0.09912279,-0.104541675
1,-0.300284054,-1.482711819,-0.502366076,-0.92884737,-0.713377199,-1.019760617,-0.463418947,-0.878073408,0.316352112,-0.616972686,0.09535499,-0.566032545,0.243877902,-0.187814106,-0.425574446,-0.48735121,-0.266864429,-0.288230537,-0.087787498,-0.242554579,0.266519951,-0.221885838,-0.332539431,-0.460704997,2.402629651,-0.547949578,0.886733612,1.170592675,-0.433558928,2.696158399,2.273337294,-0.509781619,-0.723461079,-0.386511133,-0.706910112,0.073955859,-0.385768291,-0.09912279,-0.104541675
2,-2.374553218,1.647958426,0.907986008,-0.651147427,-0.713377199,-0.722462273,0.851248733,1.615129539,-0.095516209,-0.813794992,-0.823430101,1.118792845,-0.680309771,-0.964581665,0.132494158,-0.076326536,-0.816091091,-0.928529195,-0.851493622,0.422583897,-0.762590687,-0.839194462,-0.332539431,-0.460704997,-0.525270416,2.689471395,-0.738161908,-0.809233089,-0.433558928,-0.427986448,-0.476452662,0.159339674,-0.723461079,-0.386511133,-0.706910112,0.073955859,-0.385768291,-0.09912279,-0.104541675
3,-0.300284054,-2.265379387,1.378103365,0.459652395,0.370664202,0.466731157,1.289471293,-0.878073408,0.316352112,-0.813794992,-0.272159044,-1.127641009,-0.680309771,-0.382005998,-0.983643058,0.951235126,-0.816091091,0.99236678,-0.278714032,-0.907693065,-0.145124302,-0.221885838,-0.332539431,1.15546738,1.914646306,-0.547949578,0.886733612,1.170592675,-0.433558928,-0.427986448,-0.476452662,-0.670719114,-0.723461079,-0.386511133,-0.706910112,0.073955859,-0.385768291,-0.09912279,-0.104541675
4,1.773985111,0.865290871,-0.032248719,-0.651147427,-1.255397891,-0.722462273,-0.025196387,0.680178435,-0.095516209,1.154428034,0.646626047,0.369981557,1.168065575,0.200569668,-0.425574446,-0.898375872,0.282362234,0.352068122,-0.469640566,-1.572831551,0.060697831,-0.016116292,-0.332539431,-0.460689702,-0.525270416,-0.547949578,-0.738161908,-0.809233089,-0.433558928,-0.427986448,-0.476452662,2.103065126,0.702448939,-0.734647135,0.426111407,-0.398248657,-0.631813341,-0.09912279,-0.104541675
5,0.391139001,-0.700044264,-0.972483447,0.181952435,-0.17135649,0.169432795,-1.339864067,-1.189723773,-1.331121185,-1.010617299,-0.639673078,-1.314843834,-0.218215934,-1.352965438,-1.54171167,-0.692863535,-0.266864429,-0.288230537,-0.851493622,-0.907693065,-0.350946434,-0.427655383,-0.332539431,1.155467578,-0.525270416,-0.547949578,0.886733612,1.170592675,-0.433558928,-0.427986448,-0.476452662,-0.46634127,0.702448939,-0.734647135,0.426111407,-0.398248657,-0.631813341,-0.09912279,-0.104541675
6,0.391139001,0.865290871,-0.972483447,-1.761947233,1.454705603,-1.911655686,-0.901641507,0.368528061,-0.919252864,-0.026505779,-1.55845818,-1.127641009,-0.680309771,0.588953442,-1.54171167,-2.542474534,-2.280695521,-1.782260744,-3.142611981,0.422583897,0.060697831,-0.839194462,-0.332539431,-0.460704997,-0.525270416,1.070760909,-0.738161908,-0.809233089,-0.433558928,-0.427986448,-0.476452662,-0.638485163,0.702448939,-0.734647135,0.426111407,-0.398248657,-0.631813341,-0.09912279,-0.104541675
7,-1.683130164,0.082623304,-0.032248719,-0.373447468,1.996726296,-0.425163911,-0.025196387,0.056877696,0.316352112,-0.813794992,-0.823430101,-0.566032545,-2.06659128,-2.712308664,-1.820745972,-0.281838873,-1.914544417,-0.928529195,-0.278714032,-2.903108512,-1.380057072,-1.456503085,-0.332539431,-0.460704997,-0.525270416,-0.547949578,2.511629133,0.807287879,-0.433558928,-0.427986448,-0.476452662,-0.890185367,0.702448939,-0.734647135,0.426111407,-0.398248657,-0.631813341,-0.09912279,-0.104541675
8,-0.300284054,-1.482711819,-1.912718161,-0.373447468,-0.442366844,-0.425163911,-1.778086628,-1.813024512,-1.125187031,-1.010617299,0.830383069,-0.378829721,0.705971738,0.783145334,2.364768599,-1.10388821,0.831588897,-1.141962086,0.866845148,-0.242554579,-0.96841282,-1.044964007,-0.332539431,-0.460704997,-0.525270416,-0.547949578,-0.738161908,-0.809233089,-0.433558928,-0.427986448,-0.476452662,-0.267763214,-0.062211856,-0.728660848,-0.687883733,1.942588902,-0.631582353,-0.09912279,-0.104541675
9,0.8520877,-0.178265882,-0.737424762,0.089385793,0.009317074,-0.425163911,-1.047715697,-0.514481311,-1.125187031,-0.026505779,0.830383069,-0.066825027,0.705971738,0.459492184,1.202125661,-0.761367652,0.831588897,-0.430519126,0.230423376,-0.796836652,-0.282339053,-0.359065531,-0.332539431,-0.460698624,-0.525270416,-0.547949578,-0.738161908,-0.809233089,-0.433558928,-0.427986448,-0.476452662,1.387731387,1.007796331,-0.702163389,2.045419117,-0.628727171,-0.53540677,-0.09912279,-0.104541675
10,0.27590183,-0.830488856,-0.737424762,-0.373447468,-0.216524885,0.565830617,-1.047715697,-1.55331587,-0.438739817,-0.682580126,0.217859668,-0.690834425,0.320893538,-0.187814106,0.969597072,-1.10388821,0.221337044,-0.786240606,-0.087787498,-0.796836652,-0.453857494,-0.702014769,-0.332539431,1.342051795,2.073280248,-0.547949578,-0.738161908,-0.809233089,-0.433558928,2.175467591,2.169533956,-0.520087197,1.007796331,-0.702163389,2.045419117,-0.628727171,-0.53540677,-0.09912279,-0.104541675
11,0.27590183,-0.830488856,-1.129189233,0.089385793,0.235159033,-0.177415279,-1.778086628,-1.813024512,-1.125187031,-0.846598712,0.524121369,-0.378829721,0.705971738,0.297665608,1.202125661,-1.10388821,0.526462971,-0.786240606,0.548634262,-0.242554579,-0.796894378,-0.702014769,-0.332539431,2.232915918,2.292102738,-0.547949578,0.615917692,1.095855141,2.487139056,2.175467591,2.169533956,-0.371396283,1.007796331,-0.702163389,2.045419117,-0.628727171,-0.53540677,-0.09912279,-0.104541675
12,-1.452655807,1.778403019,1.22139758,-1.761947233,-1.797418584,-1.911655686,1.143397104,1.822896448,-1.468410625,-0.682580126,-1.925972214,1.493198483,-1.604497443,-0.835120407,0.969597072,-1.446408755,-1.914544417,-1.497683552,-1.997052802,1.974573694,-1.311449691,-2.073811709,-0.332539431,-0.460704997,-0.525270416,0.800975828,-0.738161908,-0.809233089,-0.433558928,-0.427986448,-0.476452662,0.86658649,1.007796331,-0.702163389,2.045419117,-0.628727171,-0.53540677,-0.09912279,-0.104541675
13,-0.300284054,-0.178265882,-1.129189233,0.552219053,-0.442366844,0.070333353,-1.778086628,-0.774189953,-0.781963424,-0.682580126,-0.088402022,-1.002839129,-0.064184653,0.459492184,0.969597072,-0.418847094,-0.083788871,-1.141962086,-0.087787498,0.034586448,-0.96841282,-1.044964007,-0.332539431,-0.460698624,-0.525270416,-0.547949578,0.615917692,1.095855141,2.487139046,-0.427986448,-0.476452662,-0.482446631,1.007796331,-0.702163389,2.045419117,-0.628727171,-0.53540677,-0.09912279,-0.104541675
14,-1.452655807,1.126180056,0.829633109,-1.761947233,-1.797418584,-1.911655686,1.143397104,1.303479164,-1.811634232,-1.33865446,-1.007187124,1.805203188,-0.834341053,-1.482426696,1.202125661,-1.788929314,-0.999166649,-1.853405032,-1.042420156,1.420291621,-1.654486574,-1.044964007,-0.332539431,-0.460704997,-0.525270416,-0.547949578,-0.738161908,-0.809233089,-0.433558928,-0.427986448,-0.476452662,0.866586497,1.007796331,-0.702163389,2.045419117,-0.628727171,-0.53540677,-0.09912279,-0.104541675
15,-0.300284054,-0.830488856,-0.737424762,-0.373447468,0.009317074,0.070333353,-1.047715697,-1.55331587,-0.438739817,-1.010617299,0.064728829,-0.690834425,0.320893538,-0.187814106,0.969597072,-1.446408755,0.068774092,-1.497683552,0.389528819,-0.796836652,-0.625375936,-0.873489388,-0.332539431,0.886105648,-0.525270416,-0.547949578,-0.738161908,-0.809233089,-0.433558928,2.175467591,2.169533956,-0.520087191,1.007796331,-0.702163389,2.045419117,-0.628727171,-0.53540677,-0.09912279,-0.104541675
16,-1.452655807,0.473957081,1.613162051,-1.761947233,-1.797418584,-1.911655686,1.508582573,1.303479164,-1.125187031,-1.994728806,-1.466579663,1.493198483,-1.219419243,-2.129732997,0.969597072,-1.10388821,-1.456855527,-1.141962086,-1.519736473,1.420291621,-0.96841282,-1.559387852,-0.332539431,-0.460704997,1.822540492,-0.547949578,0.615917692,1.095855141,-0.433558839,-0.427986448,-0.476452662,0.866586488,1.007796331,-0.702163389,2.045419117,-0.628727171,-0.53540677,-0.09912279,-0.104541675
17,-0.300284054,-0.830488856,-0.345660291,0.552219053,-0.442366844,0.070333353,-0.317344758,-1.293607228,-0.781963424,-1.33865446,-0.088402022,-1.002839129,-0.064184653,0.459492184,0.969597072,-0.076326536,-0.083788871,-0.430519126,-0.087787498,0.311727484,-0.96841282,-1.387913233,-0.332539431,-0.004758589,-0.525270416,-0.547949578,-0.738161908,-0.809233089,-0.433558928,2.175467591,2.169533956,-0.520087191,1.007796331,-0.702163389,2.045419117,-0.628727171,-0.53540677,-0.09912279,-0.104541675
18,-0.300284054,-0.178265882,-0.737424762,0.089385793,0.461000993,0.070333353,-1.047715697,-0.514481311,-1.125187031,-1.010617299,0.217859668,-0.066825027,0.705971738,0.135839033,1.202125661,-0.418847094,0.221337044,-1.141962086,0.866845148,-0.796836652,-1.311449691,-1.044964007,-0.332539431,-0.460704997,-0.525270416,-0.547949578,-0.738161908,-0.809233089,-0.433558928,-0.427986448,-0.476452662,-0.520087192,1.007796331,-0.702163389,2.045419117,-0.628727171,-0.53540677,-0.09912279,-0.104541675
19,-3.757399328,2.430625994,2.78845545,-4.538946779,-4.507522078,-4.884639252,2.604138974,2.861731007,-2.154857839,-1.994728806,-1.925972214,3.365226699,-1.604497443,-2.129732997,2.364768599,-2.131449872,-1.914544417,-2.209126512,-1.997052802,3.08313783,-1.997523458,-2.073811709,-0.332539431,-0.460704997,-0.525270416,-0.547949578,-0.738161908,-0.809233089,-0.433558928,-0.427986448,-0.476452662,1.581135044,-0.062211856,-0.728660848,-0.687883733,1.942588902,-0.631582353,-0.09912279,-0.104541675
20,2.004459467,1.126180056,0.829633109,1.477885558,1.364368813,1.061327863,0.413026173,1.043770532,0.590930992,1.613680074,1.74916816,1.18119379,1.476128129,1.430451635,1.202125661,0.951235126,1.746966664,1.34808826,1.185056034,0.311727484,1.432845353,1.355680648,-0.332539431,-0.460698624,-0.525270416,-0.547949578,-0.738161908,-0.809233089,-0.433558928,-0.427986448,-0.476452662,3.59218321,1.458186165,0.210360887,-0.585633469,-0.634874672,-0.544872564,-0.09912279,-0.104541675
21,1.428273583,0.473957081,0.829633109,1.015052297,1.138526854,2.052322391,0.413026173,0.004935964,0.934154599,0.793587141,1.13664477,0.401182029,0.705971738,0.621318759,0.272011313,0.26619401,0.831588897,0.81450604,0.707739705,0.311727484,1.089808469,1.01273141,2.625143009,-0.004758684,-0.525270416,0.800975828,-0.738161908,-0.809233089,-0.433558928,-0.427986448,-0.476452662,-0.541714985,1.458186165,0.210360887,-0.585633469,-0.634874672,-0.544872564,-0.09912279,-0.104541675
22,1.428273583,0.473957081,0.437868637,1.477885558,1.590210773,1.309076495,-0.317344758,-0.254772669,0.247707385,0.629568555,1.28977562,0.557184381,1.091049938,0.944971909,1.202125661,0.608714568,1.441840749,0.81450604,1.185056034,0.588868521,0.918290028,1.01273141,5.582825449,0.886105317,-0.525270416,2.149901233,-0.738161908,-0.809233089,-0.433558928,-0.427986448,-0.476452662,-0.433576142,1.43909277,0.214425834,-0.584580613,-0.634802779,-0.54430587,-0.09912279,-0.104541675
23,0.8520877,1.778403019,1.22139758,1.015052297,0.912684895,1.061327863,1.143397104,1.822896448,0.590930992,1.285642901,-0.088402022,1.493198483,-0.064184653,1.106798485,0.504539902,0.608714568,-0.083788871,0.6366453,-0.087787498,1.420291621,0.746771586,-0.016116292,-0.332539431,-0.460704997,-0.525270416,2.193551385,-0.738161908,-0.809233089,-0.433558928,-0.427986448,-0.476452662,0.437857341,1.458186165,0.210360887,-0.585633469,-0.634874672,-0.544872564,-0.09912279,-0.104541675
24,0.8520877,1.126180056,0.437868637,1.940718818,0.912684895,1.556825127,-0.317344758,0.78406189,0.590930992,0.957605728,0.217859668,0.245179677,-0.064184653,1.430451635,0.504539902,1.293755684,0.526462971,0.6366453,0.866845148,1.143150594,0.746771586,0.326832933,-0.332539431,-0.460692251,-0.525270416,0.800975828,-0.738161908,-0.809233089,-0.433558928,-0.427986448,-0.476452662,-0.611256705,1.458186165,0.210360887,-0.585633469,-0.634874672,-0.544872564,12.12602132,-0.104541675
25,0.8520877,1.126180056,0.829633109,1.015052297,0.912684895,1.061327863,0.413026173,1.043770532,0.247707385,0.629568555,0.830383069,1.18119379,0.705971738,0.459492184,1.202125661,0.26619401,0.831588897,0.280923821,0.866845148,0.866009557,0.403734702,1.01273141,-0.332539431,-0.460698624,-0.525270416,-0.547949578,-0.738161908,-0.809233089,-0.433558928,-0.427986448,-0.476452662,0.437857361,1.458186165,0.210360887,-0.585633469,-0.634874672,-0.544872564,-0.09912279,9.565563235
26,0.8520877,0.473957081,0.829633109,1.015052297,1.364368813,1.556825127,0.413026173,0.004935964,1.277378206,0.629568555,0.98351392,0.401182029,0.320893538,0.459492184,0.272011313,0.26619401,0.373900008,0.280923821,1.025950591,0.311727484,1.089808469,0.841256791,2.625143009,1.342051726,-0.525270416,0.800975828,-0.738161908,-0.809233089,-0.433558928,-0.427986448,-0.476452662,-0.671481574,1.458186165,0.210360887,-0.585633469,-0.634874672,-0.544872564,-0.09912279,-0.104541675
27,0.8520877,0.473957081,1.613162051,1.015052297,0.912684895,1.061327863,1.508582573,0.524353248,0.934154599,-0.026505779,0.370990518,1.025191438,0.320893538,-0.187814106,0.272011313,0.951235126,0.373900008,0.99236678,0.389528819,1.420291621,1.089808469,0.498307553,-0.332539431,0.886105317,-0.525270416,-0.547949578,2.01381423,3.062590509,-0.43355881,-0.427986448,-0.476452662,0.504237724,1.458186165,0.210360887,-0.585633469,-0.634874672,-0.544872564,-0.09912279,-0.104541675
28,0.8520877,0.473957081,1.22139758,1.940718818,0.912684895,1.556825127,1.143397104,0.264644606,0.934154599,0.301531382,0.217859668,0.245179677,-0.064184653,1.430451635,0.504539902,1.636276242,0.526462971,1.34808826,0.866845148,0.866009557,0.403734702,0.326832933,-0.332539431,0.451187819,-0.525270416,0.800975828,-0.738161908,-0.809233089,-0.433558928,-0.427986448,-0.476452662,-0.671481574,1.458186165,0.210360887,-0.585633469,-0.634874672,-0.544872564,-0.09912279,-0.104541675
29,0.8520877,1.126180056,0.829633109,1.477885558,1.816052732,1.556825127,0.413026173,1.043770532,0.247707385,0.629568555,0.830383069,1.18119379,0.705971738,0.459492184,1.202125661,0.951235126,1.136714823,0.6366453,1.185056034,0.311727484,0.060697831,0.326832933,-0.332539431,-0.460698624,-0.525270416,-0.547949578,-0.738161908,-0.809233089,-0.433558928,-0.427986448,-0.476452662,-0.004014856,1.43909277,0.214425834,-0.584580613,-0.634802779,-0.54430587,-0.09912279,-0.104541675
30,1.428273583,0.473957081,-0.149778055,0.320802423,0.235159033,0.318081985,0.413026173,0.524353248,1.44899001,1.449661488,1.28977562,1.025191438,1.861206329,1.26862506,0.620804197,0.951235126,1.289277786,1.525949,1.344161476,0.588868521,1.089808469,1.527155267,-0.332539431,-0.460695438,-0.525270416,-0.547949578,-0.738161908,-0.809233089,-0.433558928,-0.427986448,-0.476452662,0.183647021,-1.317996391,2.346903156,-0.566276481,-0.64209397,3.014315261,-0.09912279,-0.104541675
31,0.563994765,-0.504377369,-0.149778055,0.66792736,0.573921964,0.689704924,0.413026173,0.524353248,0.934154599,0.957605728,1.060079339,0.557184381,1.283589034,1.025885191,0.620804197,0.951235126,1.060433336,0.99236678,1.582819635,1.420291621,1.347086126,1.01273141,-0.332539431,2.243430015,-0.525270416,-0.547949578,-0.738161908,-0.809233089,-0.433558928,-0.427986448,-0.476452662,-0.267763214,-1.317996391,2.346903156,-0.566276481,-0.64209397,3.014315261,-0.09912279,-0.104541675
32,-0.300284054,1.452291543,0.437868637,-0.373447468,-0.442366844,-0.425163911,0.413026173,1.303479164,0.934154599,0.957605728,0.830383069,0.557184381,0.705971738,0.783145334,0.272011313,0.951235126,0.831588897,0.99236678,0.866845148,2.251714731,1.089808469,1.01273141,-0.332539431,-0.460704997,-0.525270416,-0.547949578,-0.738161908,-0.809233089,-0.433558928,-0.427986448,-0.476452662,0.628403653,-1.317996391,2.346903156,-0.566276481,-0.64209397,3.014315261,-0.09912279,-0.104541675
33,-0.300284054,0.473957081,-0.149778055,1.015052297,0.912684895,1.061327863,0.413026173,0.524353248,0.934154599,0.957605728,0.830383069,1.025191438,0.705971738,0.783145334,0.620804197,1.465015963,0.831588897,0.99236678,1.821477794,0.588868521,1.089808469,1.01273141,-0.332539431,-0.460695438,-0.525270416,-0.547949578,-0.738161908,-0.809233089,-0.433558928,-0.427986448,-0.476452662,-0.604195186,-1.317996391,2.346903156,-0.566276481,-0.64209397,3.014315261,-0.09912279,-0.104541675
34,-0.300284054,-0.504377369,2.78845545,-0.373447468,-0.442366844,-0.425163911,2.604138974,0.524353248,0.934154599,0.957605728,0.830383069,0.557184381,0.705971738,0.783145334,0.272011313,0.951235126,0.831588897,0.99236678,0.866845148,0.588868521,1.089808469,1.01273141,-0.332539431,-0.460704997,-0.525270416,-0.547949578,-0.738161908,-0.809233089,-0.433558928,-0.427986448,-0.476452662,0.628403653,-1.317996391,2.346903156,-0.566276481,-0.64209397,3.014315261,-0.09912279,-0.104541675
35,0.391139001,-0.700044264,-1.442600804,-0.095747508,0.370664202,-0.127865549,-1.778086628,-1.189723773,-2.154857839,-0.813794992,0.279112013,-0.75323537,0.243877902,-0.187814106,0.969597072,-0.898375872,0.648513339,-0.928529195,-0.087787498,-0.907693065,-0.762590687,-0.427655383,-0.332539431,-0.46069735,-0.525270416,-0.547949578,-0.738161908,-0.809233089,-0.433558928,-0.427986448,-0.476452662,0.130871601,0.702448939,-0.734647135,0.426111407,-0.398248657,-0.631813341,-0.09912279,-0.104541675
36,-0.300284054,-1.482711819,-0.502366076,-0.92884737,-0.713377199,-1.019760617,-0.463418947,-1.813024512,-0.507384543,-1.010617299,-0.272159044,-1.314843834,-0.680309771,-0.964581665,-0.425574446,-1.309400535,-0.633015533,-1.141962086,-0.469640566,-0.242554579,-0.145124302,-0.839194462,-0.332539431,-0.460704997,2.402629651,-0.547949578,0.886733612,1.170592675,-0.433558928,2.696158399,2.273337294,-0.509781619,0.702448939,-0.734647135,0.426111407,-0.398248657,-0.631813341,-0.09912279,-0.104541675
37,-2.374553218,1.647958426,0.907986008,-0.651147427,-0.713377199,-0.722462273,0.851248733,1.615129539,-1.742989518,-0.813794992,-2.293486249,1.118792845,-2.528685116,-1.741349224,0.132494158,-0.076326536,-1.548393312,-0.928529195,-0.851493622,0.422583897,-2.409167711,-3.308428957,-0.332539431,-0.460704997,-0.525270416,2.689471395,-0.738161908,-0.809233089,-0.433558928,-0.427986448,-0.476452662,0.159339674,0.702448939,-0.734647135,0.426111407,-0.398248657,-0.631813341,-0.09912279,-0.104541675
38,-0.300284054,-2.265379387,1.378103365,0.459652395,0.370664202,0.466731157,1.289471293,-1.813024512,0.316352112,-1.994728806,-1.925972214,-1.689249472,-1.142403607,-0.382005998,-1.820745972,0.951235126,-0.816091091,0.352068122,-1.424273212,-0.907693065,-1.380057072,-0.221885838,-0.332539431,1.15546738,1.914646306,-0.547949578,0.886733612,1.170592675,-0.433558928,-0.427986448,-0.476452662,-0.670719114,0.702448939,-0.734647135,0.426111407,-0.398248657,-0.631813341,-0.09912279,-0.104541675
39,1.773985111,0.865290871,0.437868637,1.015052297,0.912684895,1.061327863,-0.025196387,0.680178435,-0.095516209,1.154428034,1.381654126,0.744387206,1.168065575,0.977337227,0.969597072,0.334698127,1.380815559,0.77893389,0.675918614,-0.242554579,0.883986337,0.806961864,-0.332539431,-0.46069735,-0.525270416,-0.547949578,-0.738161908,-0.809233089,-0.433558928,-0.427986448,-0.476452662,2.31398211,1.440114143,-0.105585842,-0.134310091,-0.641853609,-0.347653537,-0.09912279,-0.104541675
40,1.082562056,0.082623304,0.437868637,1.015052297,0.912684895,1.061327863,-0.025196387,-0.566423043,0.316352112,0.170316515,0.646626047,-0.191626907,0.243877902,0.006377775,-0.146540144,0.129185789,0.648513339,0.565501012,0.484992092,0.422583897,0.883986337,0.601192331,3.216679497,0.086430636,-0.525270416,1.070760909,-0.738161908,-0.809233089,-0.433558928,-0.427986448,-0.476452662,-0.488061444,1.440114143,-0.105585842,-0.134310091,-0.641853609,-0.347653537,-0.09912279,-0.104541675
41,0.391139001,1.647958426,0.907986008,0.459652395,1.454705603,0.466731157,0.851248733,1.615129539,-0.095516209,0.760783422,-0.823430101,1.118792845,-0.680309771,0.588953442,0.132494158,-0.076326536,-0.816091091,-0.074797646,-0.851493622,1.087722383,0.060697831,-0.839194462,-0.332539431,-0.460704997,-0.525270416,2.741851578,-0.738161908,-0.809233089,-0.433558928,-0.427986448,-0.476452662,-0.080321876,1.440114143,-0.105585842,-0.134310091,-0.641853609,-0.347653537,-0.09912279,-0.104541675
42,0.391139001,0.082623304,1.378103365,1.292752257,1.996726296,1.358626225,1.289471293,0.056877696,1.551957087,-0.223328086,-0.272159044,-0.004424082,-0.680309771,-0.382005998,-0.983643058,1.567772126,-0.266864429,0.99236678,0.294065558,-0.907693065,-0.145124302,0.395422786,3.216679497,-0.460704997,-0.525270416,-0.547949578,0.886733612,1.170592675,-0.433558928,-0.427986448,-0.476452662,-0.532148795,1.440114143,-0.105585842,-0.134310091,-0.641853609,-0.347653537,-0.09912279,9.565563235
43,1.428273583,0.473957081,-0.737424762,-1.067697358,-1.119892722,-1.168409807,-0.682530227,0.134790285,-1.125187031,0.465549968,-0.088402022,-0.378829721,0.705971738,-0.673293832,-1.123160213,-1.10388821,-0.083788871,-0.074797646,-1.042420156,-1.905400789,-0.453857494,-0.016116292,-0.332539431,-0.460685879,-0.525270416,-0.547949578,-0.738161908,-0.809233089,-0.433558928,-0.427986448,-0.476452662,0.409352139,-0.062211856,-0.728660848,-0.687883733,1.942588902,-0.631582353,-0.09912279,-0.104541675
44,-0.300284054,-1.482711819,-0.737424762,-0.373447468,-0.442366844,-0.425163911,-0.682530227,-1.423461549,-0.61035162,-1.010617299,-0.547794573,-1.314843834,-0.449262853,-1.158773557,-1.123160213,-0.590107373,-0.54147776,-0.608379866,-0.565103827,-0.242554579,0.060697831,-0.53054015,-0.332539431,-0.460704997,-0.525270416,-0.547949578,-0.738161908,-0.809233089,-0.433558928,-0.427986448,-0.476452662,-0.267763214,-0.062211856,-0.728660848,-0.687883733,1.942588902,-0.631582353,-0.09912279,-0.104541675
45,-0.300284054,0.473957081,-1.912718161,-0.373447468,-0.442366844,-0.425163911,-1.778086628,-0.254772669,-1.125187031,-0.026505779,-1.925972214,-2.250857936,-1.604497443,0.783145334,-1.820745972,-1.10388821,-1.914544417,-1.141962086,-1.997052802,1.420291621,0.060697831,-1.044964007,-0.332539431,-0.460704997,-0.525270416,-0.547949578,-0.738161908,-0.809233089,-0.433558928,-0.427986448,-0.476452662,-0.267763214,-0.062211856,-0.728660848,-0.687883733,1.942588902,-0.631582353,-0.09912279,-0.104541675
46,-2.028841691,0.473957081,-0.737424762,0.320802423,0.235159033,0.318081985,-0.682530227,0.134790285,-0.095516209,-0.518561539,-1.007187124,-0.378829721,-1.604497443,-1.644253271,-1.123160213,-0.076326536,-0.999166649,-1.141962086,-0.087787498,-1.905400789,-1.482968133,-1.044964007,-0.332539431,-0.460704997,-0.525270416,-0.547949578,-0.738161908,-0.809233089,-0.433558928,-0.427986448,-0.476452662,-1.089063697,-0.062211856,-0.728660848,-0.687883733,1.942588902,-0.631582353,-0.09912279,-0.104541675
47,-0.300284054,-3.439380732,2.78845545,-0.373447468,-0.442366844,-0.425163911,2.604138974,-1.813024512,0.934154599,-1.994728806,-1.925972214,-2.250857936,-1.604497443,0.783145334,-1.820745972,0.951235126,-1.914544417,0.99236678,-1.997052802,-1.905400789,-1.997523458,1.01273141,-0.332539431,-0.460704997,-0.525270416,-0.547949578,-0.738161908,-0.809233089,-0.433558928,-0.427986448,-0.476452662,-0.844503738,-0.062211856,-0.728660848,-0.687883733,1.942588902,-0.631582353,-0.09912279,-0.104541675
48,0.391139001,0.865290871,-0.032248719,1.570452216,0.370664202,1.655924587,0.851248733,0.9918288,1.551957087,1.548072635,1.381654126,1.118792845,1.168065575,1.365721,0.69056277,1.567772126,1.380815559,1.632665438,1.439624738,1.087722383,1.707274855,1.630040034,-0.332539431,-0.460689702,-0.525270416,2.689471395,-0.738161908,-0.809233089,-0.433558928,-0.427986448,-0.476452662,-0.513016627,-1.425629644,2.469895103,-0.402210103,-0.64229272,1.131136104,-0.09912279,-0.104541675
49,-0.991707109,0.082623304,-1.442600804,0.459652395,-1.255397891,0.466731157,-0.901641507,-0.254772669,-0.095516209,-0.026505779,-0.455916067,-0.75323537,-0.680309771,-0.187814106,-0.704608756,-0.076326536,-0.449939986,-0.501663427,-0.087787498,-0.242554579,-0.145124302,-0.016116292,-0.332539431,-0.460704997,-0.525270416,-0.547949578,0.886733612,1.170592675,2.601719443,-0.427986448,-0.476452662,-0.513016627,-0.723461079,-0.386511133,-0.706910112,0.073955859,-0.385768291,-0.09912279,-0.104541675
50,-0.991707109,0.082623304,-1.442600804,0.459652395,-1.255397891,0.466731157,-1.778086628,-0.566423043,-0.507384543,-0.420150392,-1.190944135,-1.502046647,-1.604497443,-0.576197891,-1.26267736,-0.48735121,-1.182242196,-1.355394963,-0.469640566,-0.575123827,-0.762590687,-0.427655383,-0.332539431,-0.460704997,-0.525270416,-0.547949578,0.886733612,1.170592675,2.601719443,-0.427986448,-0.476452662,-0.513016627,0.702448939,-0.734647135,0.426111407,-0.398248657,-0.631813341,-0.09912279,-0.104541675
51,0.391139001,0.865290871,-0.032248719,1.570452216,0.370664202,1.655924587,-0.901641507,0.368528061,0.728220433,0.760783422,-0.088402022,-0.378829721,-0.680309771,0.588953442,-0.425574446,0.745722789,-0.083788871,-0.074797646,0.675918614,0.422583897,0.472342084,0.806961864,-0.332539431,-0.460689702,-0.525270416,2.689471395,-0.738161908,-0.809233089,-0.433558928,-0.427986448,-0.476452662,-0.513016627,1.440114143,-0.105585842,-0.134310091,-0.641853609,-0.347653537,-0.09912279,-0.104541675
52,2.004459467,1.126180056,0.829633109,1.477885558,1.364368813,1.061327863,1.143397104,1.303479164,2.307049015,2.269754408,2.055429861,1.805203188,2.246284529,2.077757925,1.202125661,1.978796788,2.05209259,2.415252686,2.139688679,1.420291621,2.118919108,2.38452835,-0.332539431,-0.460698624,-0.525270416,-0.547949578,-0.738161908,-0.809233089,-0.433558928,-0.427986448,-0.476452662,3.59218314,-1.510265018,2.021693231,-0.276876813,-0.640698929,-0.177535183,-0.09912279,-0.104541675
53,1.428273583,0.473957081,0.829633109,1.015052297,1.138526854,2.052322391,1.143397104,1.303479164,1.963825408,1.941717235,1.74916816,1.493198483,1.861206329,1.754104774,0.969597072,1.978796788,1.746966664,2.059531206,1.821477794,1.420291621,2.290437549,2.041579112,2.625143009,-0.004758613,-0.525270416,0.800975828,-0.738161908,-0.809233089,-0.433558928,-0.427986448,-0.476452662,-0.541714951,-1.510265018,2.021693231,-0.276876813,-0.640698929,-0.177535183,-0.09912279,-0.104541675
54,1.428273583,0.473957081,0.437868637,1.477885558,1.590210773,1.309076495,1.143397104,1.303479164,1.963825408,1.941717235,1.902299011,1.493198483,1.861206329,1.915931349,1.202125661,1.978796788,1.899529627,2.059531206,1.980583237,1.420291621,2.118919108,2.041579112,5.582825449,0.886105317,-0.525270416,2.149901233,-0.738161908,-0.809233089,-0.433558928,-0.427986448,-0.476452662,-0.4335761,-1.510265018,2.021693231,-0.276876813,-0.640698929,-0.177535183,-0.09912279,-0.104541675
55,0.8520877,1.778403019,1.22139758,1.015052297,0.912684895,1.061327863,1.143397104,1.822896448,1.963825408,1.941717235,1.74916816,1.493198483,1.476128129,1.754104774,0.969597072,1.978796788,1.746966664,2.059531206,1.821477794,1.974573694,2.118919108,2.041579112,-0.332539431,-0.460704997,-0.525270416,2.193551385,-0.738161908,-0.809233089,-0.433558928,-0.427986448,-0.476452662,0.437857391,-1.510265018,2.021693231,-0.276876813,-0.640698929,-0.177535183,-0.09912279,-0.104541675
56,0.8520877,1.126180056,0.437868637,1.940718818,0.912684895,1.556825127,1.143397104,1.303479164,1.963825408,1.941717235,1.74916816,1.493198483,1.476128129,1.754104774,0.969597072,1.978796788,1.746966664,2.059531206,1.821477794,1.697432657,2.118919108,2.041579112,-0.332539431,-0.460692251,-0.525270416,0.800975828,-0.738161908,-0.809233089,-0.433558928,-0.427986448,-0.476452662,-0.611256673,-1.510265018,2.021693231,-0.276876813,-0.640698929,-0.177535183,-0.09912279,-0.104541675
57,0.8520877,1.126180056,0.829633109,1.015052297,0.912684895,1.061327863,1.143397104,1.303479164,1.963825408,1.941717235,1.74916816,1.805203188,1.476128129,1.754104774,1.202125661,1.978796788,1.746966664,2.059531206,1.821477794,1.420291621,2.118919108,2.041579112,-0.332539431,-0.460698624,-0.525270416,-0.547949578,-0.738161908,-0.809233089,-0.433558928,-0.427986448,-0.476452662,0.437857381,-1.510265018,2.021693231,-0.276876813,-0.640698929,-0.177535183,6.013449264,-0.104541675
58,0.8520877,0.473957081,0.829633109,1.015052297,1.364368813,1.556825127,1.143397104,1.303479164,2.307049015,1.941717235,1.74916816,1.493198483,1.476128129,1.754104774,0.969597072,1.978796788,1.746966664,2.059531206,1.821477794,1.420291621,2.118919108,2.041579112,2.625143009,1.342051654,-0.525270416,0.800975828,-0.738161908,-0.809233089,-0.433558928,-0.427986448,-0.476452662,-0.671481584,-1.510265018,2.021693231,-0.276876813,-0.640698929,-0.177535183,-0.09912279,-0.104541675
59,0.8520877,0.473957081,1.613162051,1.015052297,0.912684895,1.061327863,1.508582573,1.303479164,1.963825408,1.941717235,1.74916816,1.493198483,1.476128129,1.754104774,0.969597072,1.978796788,1.746966664,2.059531206,1.821477794,1.420291621,2.118919108,2.041579112,-0.332539431,0.886105317,-0.525270416,-0.547949578,2.01381423,3.062590509,-0.433558744,-0.427986448,-0.476452662,0.504237754,-1.510265018,2.021693231,-0.276876813,-0.640698929,-0.177535183,-0.09912279,-0.104541675
60,0.8520877,0.473957081,1.22139758,1.940718818,0.912684895,1.556825127,1.143397104,1.303479164,2.307049015,1.941717235,1.74916816,1.493198483,1.476128129,1.754104774,0.969597072,2.321317346,1.746966664,2.059531206,1.821477794,1.420291621,2.118919108,2.041579112,-0.332539431,0.451187676,-0.525270416,0.800975828,-0.738161908,-0.809233089,-0.433558928,-0.427986448,-0.476452662,-0.671481584,-1.510265018,2.021693231,-0.276876813,-0.640698929,-0.177535183,-0.09912279,-0.104541675
61,0.8520877,1.126180056,0.829633109,1.477885558,1.816052732,1.556825127,1.143397104,1.303479164,1.963825408,1.941717235,1.74916816,1.805203188,1.476128129,1.754104774,1.202125661,1.978796788,1.746966664,2.059531206,1.821477794,1.420291621,2.118919108,2.041579112,-0.332539431,-0.460698624,-0.525270416,-0.547949578,-0.738161908,-0.809233089,-0.433558928,-0.427986448,-0.476452662,-0.004014837,-1.510265018,2.021693231,-0.276876813,-0.640698929,-0.177535183,-0.09912279,-0.104541675
62,2.004459467,1.126180056,0.437868637,0.089385793,-0.442366844,-0.920661175,0.413026173,1.043770532,0.590930992,1.613680074,1.13664477,0.869189086,1.476128129,0.783145334,0.039482724,0.608714568,1.136714823,1.34808826,0.548634262,-0.242554579,1.089808469,1.355680648,-0.332539431,-0.460692251,-0.525270416,-0.547949578,-0.738161908,-0.809233089,-0.433558928,-0.427986448,-0.476452662,3.247303425,-1.027291876,0.601745222,-0.69916881,-0.58301274,1.464575388,-0.09912279,-0.104541675
63,0.8520877,-0.178265882,-0.345660291,-0.373447468,-0.442366844,1.061327863,0.047840703,0.004935964,-0.095516209,0.629568555,0.217859668,-0.066825027,0.705971738,-0.187814106,-0.425574446,0.26619401,0.221337044,0.6366453,-0.087787498,-0.242554579,0.746771586,0.669782172,2.625143009,-0.460704997,-0.525270416,0.800975828,0.615917692,1.095855141,-0.433558858,-0.427986448,-0.476452662,-0.913546228,-1.027291876,0.601745222,-0.69916881,-0.58301274,1.464575388,-0.09912279,-0.104541675
64,0.27590183,-0.830488856,-0.737424762,0.089385793,0.235159033,-0.177415279,-0.317344758,-0.254772669,-0.095516209,0.137512807,0.524121369,-0.066825027,0.705971738,0.297665608,0.039482724,0.26619401,0.526462971,0.280923821,0.548634262,0.311727484,0.575253144,0.326832933,-0.332539431,-0.004758684,2.292102759,-0.547949578,0.615917692,1.095855141,2.487139027,2.175467591,2.169533956,-0.371396252,-1.027291876,0.601745222,-0.69916881,-0.58301274,1.464575388,-0.09912279,-0.104541675
65,0.8520877,1.126180056,-0.345660291,-0.836280728,0.912684895,0.070333353,-0.317344758,0.78406189,-0.095516209,1.285642901,-0.088402022,-0.378829721,-0.064184653,1.106798485,-0.425574446,-0.076326536,-0.083788871,0.6366453,-0.087787498,0.866009557,0.746771586,-0.016116292,-0.332539431,-0.460704997,-0.525270416,3.542476791,-0.738161908,-0.809233089,-0.433558928,-0.427986448,-0.476452662,0.3604123,-1.027291876,0.601745222,-0.69916881,-0.58301274,1.464575388,-0.09912279,-0.104541675
66,-0.300284054,0.473957081,-1.129189233,0.552219053,-0.442366844,0.070333353,-0.317344758,0.264644606,-0.095516209,0.629568555,-0.088402022,-0.378829721,-0.064184653,0.459492184,-0.425574446,0.26619401,-0.083788871,0.280923821,-0.087787498,0.588868521,0.403734702,0.326832933,-0.332539431,-0.460698624,-0.525270416,0.800975828,0.615917692,1.095855141,2.487139046,-0.427986448,-0.476452662,-0.455411928,-1.027291876,0.601745222,-0.69916881,-0.58301274,1.464575388,-0.09912279,-0.104541675
67,-0.300284054,-0.178265882,-1.129189233,0.089385793,-0.442366844,0.565830617,-0.317344758,-0.254772669,-0.095516209,0.301531382,0.524121369,0.245179677,-0.064184653,0.135839033,0.039482724,0.26619401,0.526462971,-0.074797646,0.548634262,-0.242554579,0.403734702,0.669782172,-0.332539431,-0.460698624,-0.525270416,-0.547949578,-0.738161908,-0.809233089,-0.433558928,-0.427986448,-0.476452662,-0.682295454,-1.027291876,0.601745222,-0.69916881,-0.58301274,1.464575388,-0.09912279,-0.104541675
68,-0.876469938,-0.178265882,-0.345660291,-0.373447468,0.235159033,-0.425163911,0.047840703,0.004935964,0.590930992,0.301531382,0.064728829,-0.066825027,-0.064184653,-0.187814106,-0.425574446,-0.076326536,0.068774092,-0.074797646,0.389528819,-0.242554579,0.232216273,0.498307553,-0.332539431,-0.460704997,-0.525270416,0.800975828,0.615917692,1.095855141,-0.433558831,-0.427986448,-0.476452662,-0.960857004,-1.030667587,0.608822601,-0.699096042,-0.582493629,1.474864728,-0.09912279,-0.104541675
69,0.27590183,-1.482711819,0.437868637,1.015052297,0.235159033,-0.425163911,0.413026173,-0.254772669,-0.095516209,-0.026505779,0.370990518,-0.378829721,-0.064184653,-0.187814106,-0.425574446,0.951235126,0.373900008,0.99236678,0.389528819,-0.242554579,0.575253144,0.498307553,-0.332539431,2.232915962,1.822540492,-0.547949578,1.969997293,1.095855141,-0.433558839,-0.427986448,-0.476452662,-0.339058636,-1.027291876,0.601745222,-0.69916881,-0.58301274,1.464575388,-0.09912279,-0.104541675
70,-0.300284054,-1.482711819,1.22139758,0.552219053,-0.442366844,0.070333353,1.143397104,-0.254772669,0.590930992,-0.026505779,-0.088402022,-0.378829721,-0.064184653,0.459492184,-0.425574446,1.293755684,-0.083788871,0.99236678,-0.087787498,0.311727484,0.403734702,-0.016116292,-0.332539431,-0.004758732,-0.525270416,0.800975828,-0.738161908,-0.809233089,-0.433558928,2.175467591,2.169533956,-0.77982848,-1.027291876,0.601745222,-0.69916881,-0.58301274,1.464575388,-0.09912279,-0.104541675
71,-1.452655807,1.126180056,0.437868637,0.089385793,0.912684895,0.565830617,0.413026173,1.043770532,-0.095516209,-0.026505779,-0.088402022,0.869189086,-0.064184653,-0.187814106,0.039482724,0.951235126,-0.083788871,-0.074797646,0.548634262,-0.242554579,0.060697831,-0.016116292,-0.332539431,-0.460698624,-0.525270416,-0.547949578,-0.738161908,-0.809233089,-0.433558928,-0.427986448,-0.476452662,-0.124132157,-1.027291876,0.601745222,-0.69916881,-0.58301274,1.464575388,-0.09912279,-0.104541675
72,0.8520877,-0.178265882,-0.737424762,0.089385793,0.009317074,-0.425163911,-0.317344758,-0.254772669,0.590930992,0.629568555,1.13664477,0.557184381,1.476128129,1.106798485,1.202125661,0.26619401,1.136714823,0.6366453,1.185056034,0.311727484,0.403734702,0.669782172,-0.332539431,-0.460698624,-0.525270416,-0.547949578,-0.738161908,-0.809233089,-0.433558928,-0.427986448,-0.476452662,1.387731387,-1.027291876,0.601745222,-0.69916881,-0.58301274,1.464575388,-0.09912279,-0.104541675
73,0.27590183,-0.830488856,-0.737424762,-0.373447468,-0.216524885,0.565830617,-0.317344758,-0.254772669,-0.095516209,0.137512807,0.830383069,0.089177325,0.705971738,0.621318759,0.272011313,-0.076326536,0.526462971,0.103063093,0.707739705,0.311727484,0.403734702,0.326832933,-0.332539431,1.342051795,2.073280248,-0.547949578,-0.738161908,-0.809233089,-0.433558928,2.175467591,2.169533956,-0.520087197,-1.027291876,0.601745222,-0.69916881,-0.58301274,1.464575388,-0.09912279,-0.104541675
74,0.27590183,-0.830488856,-1.129189233,0.089385793,0.235159033,-0.177415279,-0.317344758,-0.254772669,-0.095516209,0.137512807,0.830383069,-0.066825027,0.705971738,0.621318759,1.202125661,0.26619401,0.98415186,0.103063093,0.707739705,0.034586448,0.403734702,0.326832933,-0.332539431,2.232916083,2.292102738,-0.547949578,0.615917692,1.095855141,2.487139056,2.175467591,2.169533956,-0.371396283,-1.027291876,0.601745222,-0.69916881,-0.58301274,1.464575388,-0.09912279,-0.104541675
75,-1.452655807,1.778403019,1.22139758,-1.761947233,-1.797418584,-1.911655686,1.143397104,1.822896448,-0.095516209,-0.026505779,-0.088402022,1.493198483,-0.064184653,-0.187814106,0.504539902,-0.076326536,-0.083788871,-0.074797646,-0.087787498,1.420291621,0.060697831,-0.016116292,-0.332539431,-0.460704997,-0.525270416,0.800975828,-0.738161908,-0.809233089,-0.433558928,-0.427986448,-0.476452662,0.86658649,-1.027291876,0.601745222,-0.69916881,-0.58301274,1.464575388,-0.09912279,-0.104541675
76,-0.300284054,-0.178265882,-1.129189233,0.552219053,-0.442366844,0.070333353,-0.317344758,-0.254772669,-0.095516209,0.301531382,0.217859668,0.245179677,-0.064184653,0.783145334,0.504539902,0.26619401,0.526462971,0.280923821,0.866845148,0.588868521,0.403734702,-0.016116292,-0.332539431,-0.460698624,-0.525270416,-0.547949578,0.615917692,1.095855141,2.487139046,-0.427986448,-0.476452662,-0.482446631,-1.027291876,0.601745222,-0.69916881,-0.58301274,1.464575388,-0.09912279,-0.104541675
77,-1.452655807,1.126180056,0.829633109,-1.761947233,-1.797418584,-1.911655686,0.413026173,1.043770532,-0.095516209,-0.026505779,-0.088402022,1.18119379,-0.064184653,-0.187814106,1.202125661,-0.076326536,-0.083788871,-0.074797646,-0.087787498,0.866009557,0.060697831,-0.016116292,-0.332539431,-0.460704997,-0.525270416,-0.547949578,-0.738161908,-0.809233089,-0.433558928,-0.427986448,-0.476452662,0.866586497,-1.027291876,0.601745222,-0.69916881,-0.58301274,1.464575388,-0.09912279,-0.104541675
78,-0.300284054,-0.830488856,-0.737424762,-0.373447468,0.009317074,0.070333353,-0.317344758,-0.254772669,0.590930992,0.301531382,0.830383069,0.089177325,-0.064184653,0.459492184,0.272011313,0.26619401,0.221337044,0.280923821,0.548634262,0.311727484,0.403734702,0.326832933,-0.332539431,0.886105686,-0.525270416,-0.547949578,-0.738161908,-0.809233089,-0.433558928,2.175467591,2.169533956,-0.520087191,-1.030667587,0.608822601,-0.699096042,-0.582493629,1.474864728,-0.09912279,-0.104541675
79,-1.452655807,0.473957081,1.613162051,-1.761947233,-1.797418584,-1.911655686,1.508582573,0.524353248,-0.095516209,-0.026505779,-0.088402022,1.025191438,-0.064184653,-0.187814106,0.272011313,-0.076326536,-0.083788871,-0.074797646,-0.087787498,1.420291621,0.060697831,-0.016116292,-0.332539431,-0.460704997,1.822540492,-0.547949578,0.615917692,1.095855141,-0.433558839,-0.427986448,-0.476452662,0.866586488,-1.027291876,0.601745222,-0.69916881,-0.58301274,1.464575388,-0.09912279,-0.104541675
80,-0.300284054,-0.830488856,-0.345660291,0.552219053,-0.442366844,0.070333353,-0.317344758,-0.254772669,0.590930992,0.301531382,0.217859668,0.245179677,-0.064184653,0.783145334,0.504539902,0.608714568,0.526462971,0.280923821,0.866845148,-0.242554579,0.060697831,0.326832933,-0.332539431,-0.004758589,-0.525270416,-0.547949578,-0.738161908,-0.809233089,-0.433558928,2.175467591,2.169533956,-0.520087191,-1.027291876,0.601745222,-0.69916881,-0.58301274,1.464575388,-0.09912279,-0.104541675
81,-0.300284054,-0.178265882,-0.737424762,0.089385793,0.461000993,0.070333353,-0.317344758,-0.254772669,-0.095516209,0.301531382,0.524121369,0.557184381,-0.064184653,0.135839033,1.202125661,-0.076326536,0.831588897,0.280923821,0.230423376,0.311727484,0.060697831,-0.016116292,-0.332539431,-0.460704997,-0.525270416,-0.547949578,-0.738161908,-0.809233089,-0.433558928,-0.427986448,-0.476452662,-0.520087192,-1.027291876,0.601745222,-0.69916881,-0.58301274,1.464575388,-0.09912279,-0.104541675
82,2.004459467,1.126180056,0.437868637,-0.373447468,-1.345734681,-1.416158439,0.413026173,1.043770532,0.590930992,1.613680074,1.13664477,0.869189086,1.476128129,0.783145334,0.039482724,-0.076326536,0.831588897,0.99236678,0.230423376,-0.796836652,0.746771586,0.669782172,-0.332539431,-0.460692251,-0.525270416,-0.547949578,-0.738161908,-0.809233089,-0.433558928,-0.427986448,-0.476452662,3.796778146,-0.062211856,-0.728660848,-0.687883733,1.942588902,-0.631582353,-0.09912279,-0.104541675
83,0.8520877,-0.178265882,-1.129189233,-0.373447468,-0.894050763,0.565830617,-1.047715697,-0.514481311,-1.468410625,-0.190524366,-0.394663722,-0.846836777,0.320893538,-0.996946982,-1.123160213,-0.761367652,-0.083788871,-0.252658386,-0.883314713,-1.351118715,-0.453857494,-0.359065531,-0.332539431,2.232915962,-0.525270416,-0.547949578,1.969997293,1.095855141,-0.433558867,-0.427986448,-0.476452662,-0.940627165,-0.062211856,-0.728660848,-0.687883733,1.942588902,-0.631582353,-0.09912279,-0.104541675
84,-0.300284054,-1.482711819,-1.129189233,-0.373447468,-0.442366844,-0.425163911,-1.047715697,-1.55331587,-0.781963424,-1.010617299,-0.088402022,-1.002839129,-0.064184653,-0.511467256,0.039482724,-0.761367652,-0.083788871,-0.786240606,-0.087787498,-0.242554579,-0.282339053,-0.702014769,-0.332539431,-0.460704997,-0.525270416,-0.547949578,-0.738161908,-0.809233089,-0.433558928,-0.427986448,-0.476452662,-0.267763209,-0.062211856,-0.728660848,-0.687883733,1.942588902,-0.631582353,-0.09912279,-0.104541675
85,0.8520877,1.126180056,-0.345660291,-2.687613754,0.912684895,-0.920661175,-0.317344758,0.78406189,-0.781963424,0.629568555,-0.700925423,-0.378829721,-0.064184653,0.459492184,-0.890631624,-2.131449872,-1.304292564,-0.786240606,-1.997052802,0.311727484,0.060697831,-0.702014769,-0.332539431,-0.460704997,-0.525270416,2.149901233,-0.738161908,-0.809233089,-0.433558928,-0.427986448,-0.476452662,0.952634385,-0.071101672,-0.728556508,-0.687667878,1.953482635,-0.631578275,-0.09912279,-0.104541675
86,-0.300284054,-0.178265882,-1.912718161,-0.373447468,-0.442366844,-0.425163911,-1.778086628,-0.774189953,-1.125187031,-0.354542953,-1.007187124,-1.626848527,-0.834341053,0.135839033,-0.890631624,-1.10388821,-0.999166649,-1.141962086,-1.042420156,0.311727484,-0.282339053,-0.359065531,-0.332539431,-0.460704997,-0.525270416,-0.547949578,1.969997293,1.095855141,2.487139046,-0.427986448,-0.476452662,-0.219701506,-0.062211856,-0.728660848,-0.687883733,1.942588902,-0.631582353,-0.09912279,-0.104541675
87,-1.452655807,-0.178265882,-1.129189233,-0.836280728,-1.797418584,0.070333353,-1.047715697,-0.514481311,-0.438739817,-0.682580126,-0.394663722,-0.378829721,-0.834341053,-0.835120407,0.039482724,-1.10388821,-0.694040723,-1.497683552,-0.087787498,-0.796836652,-0.96841282,-0.359065531,-0.332539431,-0.460704997,-0.525270416,-0.547949578,-0.738161908,-0.809233089,-0.433558928,-0.427986448,-0.476452662,-0.324327746,-0.062211856,-0.728660848,-0.687883733,1.942588902,-0.631582353,-0.09912279,-0.104541675
88,-1.452655807,-0.178265882,-1.129189233,-0.373447468,0.009317074,-1.416158439,-1.047715697,-0.514481311,-0.095516209,-0.518561539,-0.700925423,-0.846836777,-1.219419243,-1.320600133,-1.123160213,-0.761367652,-0.999166649,-1.319822825,-0.246892941,-1.351118715,-0.796894378,-0.702014769,-0.332539431,-0.460704997,1.822540597,-0.547949578,1.969997293,1.095855141,-0.433558841,-0.427986448,-0.476452662,-0.940627155,-0.062211856,-0.728660848,-0.687883733,1.942588902,-0.631582353,-0.09912279,-0.104541675
89,-0.300284054,-1.482711819,0.437868637,1.015052297,-0.442366844,-1.911655686,0.413026173,-1.033898595,-1.125187031,-1.502673046,-1.007187124,-0.846836777,-0.449262853,-1.644253271,-1.123160213,0.951235126,-0.083788871,0.45878456,-0.565103827,-0.242554579,-0.453857494,-1.044964007,-0.332539431,2.232915632,1.822540492,-0.547949578,1.969997293,1.095855141,-0.433558825,-0.427986448,-0.476452662,-0.324327761,-0.062211856,-0.728660848,-0.687883733,1.942588902,-0.631582353,-0.09912279,-0.104541675
90,-0.300284054,-2.787157757,1.22139758,-0.373447468,-0.442366844,-0.425163911,1.143397104,-1.813024512,0.247707385,-1.666691633,-1.007187124,-1.626848527,-0.834341053,0.135839033,-0.890631624,0.26619401,-0.999166649,0.280923821,-1.042420156,-0.796836652,-0.96841282,-0.359065531,-0.332539431,-0.460704997,-0.525270416,-0.547949578,-0.738161908,-0.809233089,-0.433558928,4.77892163,2.169533956,-0.604195191,-0.062211856,-0.728660848,-0.687883733,1.942588902,-0.631582353,-0.09912279,-0.104541675
91,-2.605027575,1.126180056,0.437868637,-0.373447468,0.461000993,0.565830617,0.413026173,1.043770532,-0.781963424,-1.010617299,-1.313448813,0.869189086,-1.604497443,-1.806079847,0.039482724,-0.076326536,-0.999166649,-1.141962086,-0.405998384,-0.796836652,-1.997523458,-2.073811709,-0.332539431,-0.460704997,-0.525270416,-0.547949578,-0.738161908,-0.809233089,-0.433558928,-0.427986448,-0.476452662,-0.198997451,-0.071101672,-0.728556508,-0.687667878,1.953482635,-0.631578275,-0.09912279,-0.104541675
92,0.8520877,-0.178265882,-1.129189233,0.089385793,0.912684895,-0.920661175,-0.317344758,-0.254772669,0.590930992,0.629568555,0.524121369,0.245179677,1.476128129,0.459492184,0.039482724,-0.076326536,0.526462971,0.6366453,0.548634262,-0.242554579,0.060697831,0.669782172,-0.332539431,-0.460692251,-0.525270416,-0.547949578,-0.738161908,-0.809233089,-0.433558928,-0.427986448,-0.476452662,-0.682295467,-1.027291876,0.601745222,-0.69916881,-0.58301274,1.464575388,-0.09912279,-0.104541675
93,-0.300284054,-1.482711819,0.437868637,-1.761947233,-0.442366844,1.061327863,0.413026173,-0.254772669,1.963825408,-0.026505779,-0.088402022,-0.378829721,0.705971738,-0.187814106,-0.425574446,-0.076326536,-0.083788871,-0.074797646,-0.087787498,-0.242554579,1.089808469,-0.016116292,-0.332539431,-0.460704997,-0.525270416,-0.547949578,1.969997293,1.095855141,-0.43355885,-0.427986448,-0.476452662,-0.760488097,-1.027291876,0.601745222,-0.69916881,-0.58301274,1.464575388,-0.09912279,-0.104541675
94,-1.452655807,1.126180056,-0.345660291,1.940718818,-1.797418584,0.070333353,-0.317344758,0.78406189,1.277378206,-0.026505779,-0.088402022,-0.378829721,-0.064184653,-0.187814106,-0.425574446,1.293755684,-0.083788871,-0.074797646,-0.087787498,0.866009557,0.060697831,-0.016116292,-0.332539431,-0.460704997,-0.525270416,2.149901233,-0.738161908,-0.809233089,-0.433558928,-0.427986448,-0.476452662,-1.180566294,-1.027291876,0.601745222,-0.69916881,-0.58301274,1.464575388,-0.09912279,-0.104541675
95,1.428273583,0.473957081,-0.149778055,0.320802423,0.235159033,0.318081985,-0.682530227,0.134790285,-1.125187031,0.465549968,0.830383069,0.089177325,0.705971738,0.297665608,0.620804197,-0.590107373,0.831588897,-0.074797646,-0.087787498,-1.073977689,0.060697831,-0.016116292,-0.332539431,-0.460695438,-0.525270416,-0.547949578,-0.738161908,-0.809233089,-0.433558928,-0.427986448,-0.476452662,0.183647021,1.359642349,-0.420641777,0.849602033,-0.642393334,-0.197726107,-0.09912279,-0.104541675
96,0.563994765,-0.504377369,-0.149778055,0.66792736,0.573921964,0.689704924,-0.682530227,-1.423461549,-0.095516209,-0.518561539,0.600686799,-0.378829721,0.128354443,0.054925751,0.620804197,-0.076326536,0.602744458,-0.074797646,0.15087066,-0.242554579,0.317975488,-0.016116292,-0.332539431,2.243430263,-0.525270416,-0.547949578,-0.738161908,-0.809233089,-0.433558928,-0.427986448,-0.476452662,-0.267763214,1.359642349,-0.420641777,0.849602033,-0.642393334,-0.197726107,-0.09912279,-0.104541675
97,-0.300284054,1.452291543,0.437868637,-0.373447468,-0.442366844,-0.425163911,0.413026173,1.303479164,-1.125187031,-0.026505779,-1.925972214,0.557184381,-1.604497443,0.783145334,0.272011313,-1.10388821,-1.914544417,-1.141962086,-1.997052802,2.251714731,0.060697831,-1.044964007,-0.332539431,-0.460704997,-0.525270416,-0.547949578,-0.738161908,-0.809233089,-0.433558928,-0.427986448,-0.476452662,0.628403653,1.359642349,-0.420641777,0.849602033,-0.642393334,-0.197726107,-0.09912279,-0.104541675
98,-0.300284054,0.473957081,-0.149778055,1.015052297,0.912684895,1.061327863,-0.682530227,0.134790285,0.419319189,-0.026505779,0.370990518,0.089177325,-0.449262853,-0.187814106,0.620804197,-0.076326536,0.373900008,-0.608379866,0.389528819,-1.073977689,-0.96841282,-0.53054015,-0.332539431,-0.460695438,-0.525270416,-0.547949578,-0.738161908,-0.809233089,-0.433558928,-0.427986448,-0.476452662,-0.604195186,1.359642349,-0.420641777,0.849602033,-0.642393334,-0.197726107,-0.09912279,-0.104541675
99,-0.300284054,-0.504377369,2.78845545,-0.373447468,-0.442366844,-0.425163911,2.604138974,0.524353248,0.934154599,-1.994728806,-1.925972214,0.557184381,-1.604497443,0.783145334,0.272011313,0.951235126,-1.914544417,0.99236678,-1.997052802,0.588868521,-1.997523458,1.01273141,-0.332539431,-0.460704997,-0.525270416,-0.547949578,-0.738161908,-0.809233089,-0.433558928,-0.427986448,-0.476452662,0.628403653,1.359642349,-0.420641777,0.849602033,-0.642393334,-0.197726107,-0.09912279,-0.104541675
100,0.8520877,-0.178265882,-1.129189233,-0.373447468,0.009317074,-1.416158439,-1.047715697,-0.514481311,-1.125187031,-0.026505779,0.217859668,-0.378829721,0.705971738,-0.187814106,0.039482724,-0.761367652,0.373900008,-0.252658386,-0.246892941,-1.073977689,-0.453857494,-0.016116292,-0.332539431,-0.460692251,-0.525270416,-0.547949578,-0.738161908,-0.809233089,-0.433558928,-0.427986448,-0.476452662,1.428075464,-0.062211856,-0.728660848,-0.687883733,1.942588902,-0.631582353,-0.09912279,-0.104541675
101,-0.300284054,-1.482711819,-0.345660291,-1.761947233,-0.894050763,0.565830617,-0.317344758,-1.293607228,-0.095516209,-0.846598712,-0.394663722,-1.158841482,-0.449262853,-0.996946982,-1.123160213,-1.446408755,-0.999166649,-0.964101346,-0.883314713,-0.796836652,-0.110820611,-0.53054015,-0.332539431,-0.460704997,2.073280248,-0.547949578,0.615917692,1.095855141,-0.433558885,2.175467591,2.169533956,-0.889977443,-0.062211856,-0.728660848,-0.687883733,1.942588902,-0.631582353,-0.09912279,-0.104541675
102,0.27590183,-0.830488856,-1.520953704,-0.373447468,0.235159033,-1.168409807,-1.412901158,-1.163752916,-1.468410625,-0.682580126,-0.088402022,-0.846836777,0.320893538,-0.511467256,0.039482724,-0.932627931,0.145055568,-0.69731023,-0.326445668,-0.93540717,-0.711135151,-0.359065531,-0.332539431,-0.460704997,-0.525270416,-0.547949578,1.969997293,1.095855141,2.487139037,-0.427986448,-0.476452662,-0.544118039,-0.062211856,-0.728660848,-0.687883733,1.942588902,-0.631582353,-0.09912279,-0.104541675
103,-1.452655807,1.126180056,-0.345660291,0.089385793,-1.797418584,-0.920661175,-0.317344758,0.78406189,-0.781963424,-0.354542953,-1.619710514,-0.378829721,-1.604497443,-0.511467256,-0.890631624,-0.076326536,-1.304292564,-0.786240606,-1.042420156,0.311727484,-0.96841282,-1.730862471,-0.332539431,-0.460704997,-0.525270416,2.149901233,-0.738161908,-0.809233089,-0.433558928,-0.427986448,-0.476452662,-0.32432773,-0.071101672,-0.728556508,-0.687667878,1.953482635,-0.631578275,-0.09912279,-0.104541675
104,-1.452655807,0.473957081,-1.129189233,1.015052297,-1.797418584,-0.425163911,-1.047715697,0.004935964,-0.781963424,-0.518561539,-1.466579663,-1.002839129,-1.604497443,-0.349640681,-0.890631624,0.26619401,-0.999166649,-0.786240606,-0.565103827,0.034586448,-0.96841282,-1.559387852,-0.332539431,-0.460704997,-0.525270416,0.800975828,0.615917692,1.095855141,2.487139046,-0.427986448,-0.476452662,-0.864283196,-0.062211856,-0.728660848,-0.687883733,1.942588902,-0.631582353,-0.09912279,-0.104541675
105,-0.300284054,-0.178265882,-1.129189233,-0.836280728,-0.442366844,-1.416158439,-1.047715697,-0.514481311,-1.468410625,-0.682580126,-0.394663722,-0.378829721,-0.064184653,-0.835120407,0.039482724,-1.10388821,-0.236351834,-0.964101346,-0.565103827,-0.796836652,-0.96841282,-0.359065531,-0.332539431,-0.460698624,-0.525270416,-0.547949578,-0.738161908,-0.809233089,-0.433558928,-0.427986448,-0.476452662,-0.324327736,-0.062211856,-0.728660848,-0.687883733,1.942588902,-0.631582353,-0.09912279,-0.104541675
106,-0.876469938,-1.482711819,-0.345660291,-1.761947233,-0.668208804,0.070333353,-0.317344758,-1.293607228,0.247707385,-0.928608,-0.471229153,-1.158841482,-0.834341053,-1.077860264,-1.123160213,-1.446408755,-1.228011088,-1.230892449,-0.72420927,-0.796836652,-0.196579838,-0.616277453,-0.332539431,-0.460704997,2.089141215,-0.547949578,0.615917692,1.095855141,-0.433558874,2.175467591,2.169533956,-0.765109452,-0.062211856,-0.728660848,-0.687883733,1.942588902,-0.631582353,-0.09912279,-0.104541675
107,-0.876469938,-1.482711819,0.437868637,-1.761947233,-1.119892722,-0.425163911,0.413026173,-1.033898595,-0.095516209,-1.256645173,-0.777490843,-0.846836777,-0.834341053,-1.401513414,-1.123160213,-1.10388821,-1.228011088,-0.875170969,-1.042420156,-0.242554579,-0.196579838,-0.787752072,-0.332539431,-0.460704997,1.822540691,-0.547949578,1.969997293,1.095855141,-0.433558845,-0.427986448,-0.476452662,-0.324327728,-0.062211856,-0.728660848,-0.687883733,1.942588902,-0.631582353,-0.09912279,-0.104541675
108,-1.452655807,-0.178265882,-0.345660291,1.015052297,-1.797418584,-0.425163911,-0.317344758,-0.254772669,-0.438739817,-0.846598712,-1.466579663,-1.002839129,-1.604497443,-0.349640681,-0.890631624,0.608714568,-0.999166649,-0.430519126,-0.565103827,-0.242554579,-1.139931261,-1.559387852,-0.332539431,-0.460704997,-0.525270416,0.800975828,-0.738161908,-0.809233089,-0.433558928,2.175467591,2.169533956,-0.94062716,-0.062211856,-0.728660848,-0.687883733,1.942588902,-0.631582353,-0.09912279,-0.104541675
109,-0.300284054,-0.178265882,-1.129189233,-0.373447468,0.461000993,-0.920661175,-1.047715697,-0.514481311,-1.468410625,-0.682580126,-0.394663722,-0.378829721,-0.064184653,-0.835120407,0.039482724,-0.761367652,-0.083788871,-0.786240606,-0.405998384,-1.073977689,-1.139931261,-0.702014769,-0.332539431,-0.460698624,-0.525270416,-0.547949578,-0.738161908,-0.809233089,-0.433558928,-0.427986448,-0.476452662,-0.569812301,-0.071101672,-0.728556508,-0.687667878,1.953482635,-0.631578275,-0.09912279,-0.104541675
110,2.004459467,1.126180056,0.437868637,0.089385793,-0.442366844,-0.920661175,0.413026173,1.043770532,0.590930992,1.613680074,1.13664477,0.869189086,1.476128129,0.783145334,0.039482724,-0.076326536,0.831588897,0.99236678,0.230423376,-0.796836652,0.746771586,0.669782172,-0.332539431,-0.460692251,-0.525270416,-0.547949578,-0.738161908,-0.809233089,-0.433558928,-0.427986448,-0.476452662,3.247303465,1.007796331,-0.702163389,2.045419117,-0.628727171,-0.53540677,-0.09912279,-0.104541675
111,0.8520877,-0.178265882,-0.345660291,-0.373447468,-0.442366844,1.061327863,-0.682530227,-0.514481311,-0.781963424,-0.354542953,-0.394663722,-1.002839129,-0.064184653,-1.158773557,-1.820745972,-1.10388821,-0.388914797,-0.430519126,-1.042420156,-1.351118715,-0.282339053,-0.359065531,2.625143009,-0.460704997,-0.525270416,0.800975828,0.615917692,1.095855141,-0.433558849,-0.427986448,-0.476452662,-0.913546294,1.007796331,-0.702163389,2.045419117,-0.628727171,-0.53540677,-0.09912279,-0.104541675
112,0.27590183,-0.830488856,-0.737424762,0.089385793,0.235159033,-0.177415279,-1.047715697,-1.55331587,-0.781963424,-0.846598712,-0.088402022,-1.002839129,-0.064184653,-0.673293832,0.039482724,-0.761367652,0.068774092,-0.608379866,-0.246892941,-0.519695616,-0.282339053,-0.359065531,-0.332539431,-0.004758613,2.29210274,-0.547949578,0.615917692,1.095855141,2.487139056,2.175467591,2.169533956,-0.371396289,1.007796331,-0.702163389,2.045419117,-0.628727171,-0.53540677,-0.09912279,-0.104541675
113,0.8520877,1.126180056,-0.345660291,-0.836280728,0.912684895,0.070333353,-0.317344758,0.78406189,-0.095516209,0.629568555,-0.700925423,-0.378829721,-0.064184653,0.459492184,-1.355688794,-1.446408755,-1.304292564,-0.786240606,-1.997052802,-0.242554579,0.060697831,-0.702014769,-0.332539431,-0.460704997,-0.525270416,3.542476791,-0.738161908,-0.809233089,-0.433558928,-0.427986448,-0.476452662,0.360412263,1.007796331,-0.702163389,2.045419117,-0.628727171,-0.53540677,-0.09912279,-0.104541675
114,-0.300284054,0.473957081,-1.129189233,0.552219053,-0.442366844,0.070333353,-1.778086628,-0.254772669,-0.781963424,-0.354542953,-1.619710514,-1.626848527,-1.604497443,0.135839033,-1.355688794,-0.418847094,-1.304292564,-1.141962086,-1.042420156,0.588868521,-0.282339053,-0.702014769,-0.332539431,-0.460698624,-0.525270416,0.800975828,0.615917692,1.095855141,2.487139046,-0.427986448,-0.476452662,-0.455411917,1.007796331,-0.702163389,2.045419117,-0.628727171,-0.53540677,-0.09912279,-0.104541675
115,-0.300284054,-0.178265882,-1.129189233,0.089385793,-0.442366844,0.565830617,-1.778086628,-0.774189953,-0.095516209,-0.354542953,-0.088402022,-1.002839129,-0.064184653,-0.511467256,0.039482724,-1.10388821,-0.388914797,-1.141962086,0.230423376,-1.351118715,-0.96841282,-0.016116292,-0.332539431,-0.460698624,-0.525270416,-0.547949578,-0.738161908,-0.809233089,-0.433558928,-0.427986448,-0.476452662,-0.682295471,1.007796331,-0.702163389,2.045419117,-0.628727171,-0.53540677,-0.09912279,-0.104541675
116,-0.876469938,-0.178265882,-0.345660291,-0.373447468,0.235159033,-0.425163911,-0.682530227,-0.514481311,0.590930992,-0.518561539,-0.700925423,-1.002839129,-1.604497443,-1.644253271,-1.820745972,-0.761367652,-1.60941849,-1.319822825,-0.565103827,-1.351118715,-0.282339053,-0.702014769,-0.332539431,-0.460704997,-0.525270416,0.800975828,0.615917692,1.095855141,-0.433558844,-0.427986448,-0.476452662,-0.960857025,1.007796331,-0.702163389,2.045419117,-0.628727171,-0.53540677,-0.09912279,-0.104541675
117,0.27590183,-1.482711819,0.437868637,1.015052297,0.235159033,-0.425163911,0.413026173,-1.813024512,-0.095516209,-1.502673046,-1.007187124,-1.314843834,-0.064184653,-1.644253271,-1.820745972,0.951235126,-0.083788871,0.45878456,-0.565103827,-0.242554579,0.060697831,-1.044964007,-0.332539431,2.232915797,1.822540691,-0.547949578,1.969997293,1.095855141,-0.43355885,-0.427986448,-0.476452662,-0.339058642,1.007796331,-0.702163389,2.045419117,-0.628727171,-0.53540677,-0.09912279,-0.104541675
118,-0.300284054,-1.482711819,1.22139758,0.552219053,-0.442366844,0.070333353,1.143397104,-1.293607228,0.590930992,-1.666691633,-1.619710514,-1.626848527,-1.604497443,0.135839033,-1.355688794,0.608714568,-1.304292564,0.280923821,-1.042420156,-0.796836652,-1.311449691,-0.359065531,-0.332539431,-0.004758589,-0.525270416,0.800975828,-0.738161908,-0.809233089,-0.433558928,2.175467591,2.169533956,-0.779828458,1.007796331,-0.702163389,2.045419117,-0.628727171,-0.53540677,-0.09912279,-0.104541675
119,-1.452655807,1.126180056,0.437868637,0.089385793,0.912684895,0.565830617,0.413026173,1.043770532,-0.781963424,-0.682580126,-1.313448813,0.869189086,-1.604497443,-2.129732997,0.039482724,-0.418847094,-0.694040723,-0.786240606,-0.72420927,-0.796836652,-2.340560342,-2.073811709,-0.332539431,-0.460698624,-0.525270416,-0.547949578,-0.738161908,-0.809233089,-0.433558928,-0.427986448,-0.476452662,-0.12413219,1.007796331,-0.702163389,2.045419117,-0.628727171,-0.53540677,-0.09912279,-0.104541675
120,0.563994765,-0.504377369,-0.737424762,0.66792736,0.573921964,0.689704924,0.413026173,0.524353248,0.934154599,0.957605728,1.51947189,0.557184381,1.283589034,1.511364917,2.364768599,0.951235126,1.518122225,0.99236678,1.582819635,0.588868521,1.089808469,1.01273141,-0.332539431,5.599941913,-0.525270416,-0.547949578,-0.738161908,-0.809233089,-0.433558928,-0.427986448,-0.476452662,-0.267763214,-1.317996391,2.346903156,-0.566276481,-0.64209397,3.014315261,-0.09912279,-0.104541675
121,0.8520877,-0.178265882,-1.129189233,0.089385793,0.912684895,-0.920661175,-1.778086628,-0.774189953,-2.841305054,-0.682580126,-0.088402022,-1.002839129,-0.064184653,-0.835120407,0.039482724,-0.761367652,0.526462971,-0.786240606,-0.72420927,-1.351118715,-0.625375936,-0.016116292,-0.332539431,-0.460692251,-0.525270416,-0.547949578,-0.738161908,-0.809233089,-0.433558928,-0.427986448,-0.476452662,-0.682295462,1.007796331,-0.702163389,2.045419117,-0.628727171,-0.53540677,-0.09912279,-0.104541675
122,-0.300284054,-1.482711819,0.437868637,-1.761947233,-0.442366844,1.061327863,0.413026173,-1.813024512,-0.095516209,-1.010617299,-0.088402022,-1.314843834,-1.604497443,-1.158773557,-1.820745972,-2.131449872,-1.914544417,-1.141962086,-1.042420156,-0.242554579,0.060697831,-0.016116292,-0.332539431,-0.460704997,-0.525270416,-0.547949578,1.969997293,1.095855141,-0.433558887,-0.427986448,-0.476452662,-0.760488088,1.007796331,-0.702163389,2.045419117,-0.628727171,-0.53540677,-0.09912279,-0.104541675
123,-1.452655807,1.126180056,-0.345660291,1.940718818,-1.797418584,0.070333353,-0.317344758,0.78406189,-1.468410625,-0.026505779,-2.538495616,-0.378829721,-3.144810234,-0.187814106,-1.355688794,1.293755684,-1.304292564,-0.074797646,-0.087787498,-0.242554579,-1.311449691,-2.759710185,-0.332539431,-0.460704997,-0.525270416,2.149901233,-0.738161908,-0.809233089,-0.433558928,-0.427986448,-0.476452662,-1.180566349,1.007796331,-0.702163389,2.045419117,-0.628727171,-0.53540677,-0.09912279,-0.104541675
124,0.563994765,-0.504377369,-0.737424762,0.66792736,0.573921964,0.689704924,-1.778086628,-1.813024512,-0.61035162,-0.518561539,1.51947189,0.557184381,1.283589034,1.511364917,2.364768599,-0.590107373,1.518122225,-0.608379866,1.582819635,0.588868521,-0.453857494,-0.53054015,-0.332539431,5.59994216,-0.525270416,-0.547949578,-0.738161908,-0.809233089,-0.433558928,-0.427986448,-0.476452662,-0.267763214,1.378322589,-0.422465638,0.8418987,-0.642394294,-0.199518905,-0.09912279,-0.104541675
125,-0.300284054,0.473957081,0.437868637,-0.373447468,-0.442366844,-0.425163911,0.413026173,0.524353248,0.934154599,0.957605728,0.830383069,1.493198483,0.705971738,0.783145334,2.364768599,0.951235126,0.831588897,0.99236678,0.866845148,1.420291621,1.089808469,1.01273141,-0.332539431,-0.460704997,-0.525270416,-0.547949578,-0.738161908,-0.809233089,-0.433558928,-0.427986448,-0.476452662,0.628403653,-1.317996391,2.346903156,-0.566276481,-0.64209397,3.014315261,-0.09912279,-0.104541675
126,-0.300284054,0.473957081,0.437868637,-0.373447468,-0.442366844,-0.425163911,0.413026173,0.524353248,-1.125187031,-1.010617299,0.830383069,1.493198483,0.705971738,0.783145334,2.364768599,-1.10388821,0.831588897,-1.141962086,0.866845148,1.420291621,-0.96841282,-1.044964007,-0.332539431,-0.460704997,-0.525270416,-0.547949578,-0.738161908,-0.809233089,-0.433558928,-0.427986448,-0.476452662,0.628403653,1.359642349,-0.420641777,0.849602033,-0.642393334,-0.197726107,-0.09912279,-0.104541675
127,1.773985111,0.865290871,0.437868637,1.015052297,0.912684895,1.061327863,0.851248733,0.9918288,1.963825408,1.941717235,1.74916816,1.493198483,2.092253247,1.754104774,0.969597072,1.567772126,1.746966664,2.059531206,1.821477794,1.087722383,1.707274855,2.041579112,-0.332539431,-0.46069735,-0.525270416,-0.547949578,-0.738161908,-0.809233089,-0.433558928,-0.427986448,-0.476452662,2.31398211,-1.425629644,2.469895103,-0.402210103,-0.64229272,1.131136104,-0.09912279,-0.104541675
128,1.082562056,0.082623304,0.437868637,1.015052297,0.912684895,1.061327863,0.851248733,0.9918288,1.551957087,1.548072635,1.381654126,1.118792845,1.630159411,1.365721,0.69056277,1.773284463,1.380815559,1.632665438,1.439624738,1.087722383,1.913096987,1.630040034,3.216679497,0.086430636,-0.525270416,1.070760909,-0.738161908,-0.809233089,-0.433558928,-0.427986448,-0.476452662,-0.488061444,-1.425629644,2.469895103,-0.402210103,-0.64229272,1.131136104,-0.09912279,-0.104541675
129,0.391139001,1.647958426,0.907986008,0.459652395,1.454705603,0.466731157,0.851248733,1.615129539,1.551957087,1.548072635,1.381654126,1.118792845,1.168065575,1.365721,0.69056277,1.567772126,1.380815559,1.632665438,1.439624738,1.752860869,1.707274855,1.630040034,-0.332539431,-0.460704997,-0.525270416,2.741851578,-0.738161908,-0.809233089,-0.433558928,-0.427986448,-0.476452662,-0.080321876,-1.425629644,2.469895103,-0.402210103,-0.64229272,1.131136104,-0.09912279,-0.104541675
130,0.391139001,0.082623304,1.378103365,1.292752257,1.996726296,1.358626225,1.289471293,0.9918288,1.551957087,1.548072635,1.381654126,1.118792845,1.168065575,1.365721,0.69056277,1.567772126,1.380815559,1.632665438,1.439624738,1.087722383,1.707274855,1.630040034,3.216679497,-0.460704997,-0.525270416,-0.547949578,0.886733612,1.170592675,-0.433558928,-0.427986448,-0.476452662,-0.532148795,-1.425629644,2.469895103,-0.402210103,-0.64229272,1.131136104,-0.09912279,-0.104541675
131,1.773985111,0.865290871,-0.032248719,-0.651147427,-1.255397891,-0.722462273,-0.025196387,0.680178435,-0.095516209,1.154428034,0.646626047,0.369981557,1.168065575,0.200569668,-0.425574446,-0.076326536,0.648513339,0.77893389,-0.087787498,-0.907693065,0.472342084,0.806961864,-0.332539431,-0.460689702,-0.525270416,-0.547949578,-0.738161908,-0.809233089,-0.433558928,-0.427986448,-0.476452662,2.103065126,-0.723461079,-0.386511133,-0.706910112,0.073955859,-0.385768291,-0.09912279,-0.104541675
132,0.391139001,-0.700044264,-0.972483447,0.181952435,-0.17135649,0.169432795,-0.463418947,-0.566423043,-0.919252864,-0.026505779,-0.272159044,-0.75323537,0.243877902,-0.770389772,-0.704608756,0.129185789,0.099286676,-0.074797646,-0.278714032,-0.242554579,0.266519951,-0.016116292,-0.332539431,1.15546738,-0.525270416,-0.547949578,0.886733612,1.170592675,-0.433558928,-0.427986448,-0.476452662,-0.46634127,-0.723461079,-0.386511133,-0.706910112,0.073955859,-0.385768291,-0.09912279,-0.104541675
133,0.391139001,0.865290871,-0.972483447,-1.761947233,1.454705603,-1.911655686,-0.901641507,0.368528061,-0.919252864,0.760783422,-0.823430101,-1.127641009,-0.680309771,0.588953442,-0.983643058,-0.898375872,-0.816091091,-0.074797646,-0.851493622,1.087722383,0.060697831,-0.839194462,-0.332539431,-0.460704997,-0.525270416,1.070760909,-0.738161908,-0.809233089,-0.433558928,-0.427986448,-0.476452662,-0.638485163,-0.723461079,-0.386511133,-0.706910112,0.073955859,-0.385768291,-0.09912279,-0.104541675
134,-1.683130164,0.082623304,-0.032248719,-0.373447468,1.996726296,-0.425163911,-0.025196387,0.056877696,0.316352112,-0.223328086,-0.823430101,-0.004424082,-0.680309771,-0.964581665,-0.983643058,-0.281838873,-0.266864429,-0.928529195,-0.278714032,-0.907693065,-0.762590687,-0.221885838,-0.332539431,-0.460704997,-0.525270416,-0.547949578,2.511629133,0.807287879,-0.433558928,-0.427986448,-0.476452662,-0.890185367,-0.723461079,-0.386511133,-0.706910112,0.073955859,-0.385768291,-0.09912279,-0.104541675
135,0.687463162,-0.364615303,-0.569525703,0.816695186,0.719106073,0.848971893,-1.152054403,-1.145202299,-1.272282862,-0.588855219,-0.088402022,-0.913694928,0.04583769,-0.742648078,-0.425574446,-0.076326536,0.439284135,-0.074797646,-0.087787498,-0.242554579,0.060697831,-0.016116292,-0.332539431,1.084520714,1.963942574,-0.547949578,-0.738161908,-0.809233089,-0.433558928,1.803545586,2.059235601,-0.24169899,1.219864331,-0.617820866,1.943791018,-0.641586904,-0.331449386,-0.09912279,-0.104541675
136,0.131855355,-0.504377369,1.025515344,0.147239946,1.082066368,1.247139342,0.960804373,0.524353248,1.706407709,0.957605728,0.830383069,0.557184381,0.705971738,0.783145334,0.272011313,0.951235126,0.831588897,0.99236678,0.866845148,0.588868521,1.089808469,1.3985493,1.885722399,-0.460704997,-0.525270416,-0.547949578,1.292957492,1.21141812,-0.433558928,-0.427986448,-0.476452662,-0.988688869,-1.317996391,2.346903156,-0.566276481,-0.64209397,3.014315261,-0.09912279,-0.104541675
137,-1.164562872,-0.504377369,0.144045291,-1.414822296,0.573921964,0.689704924,0.139137073,-0.059991192,0.934154599,-0.149519722,-0.547794573,-0.144826198,-0.160454205,-0.673293832,-0.774367329,-0.590107373,-0.198211096,-0.608379866,-0.565103827,-0.658266134,-0.067941003,0.24109563,-0.332539431,-0.460704997,-0.525270416,-0.547949578,2.308517193,0.940702191,-0.433558928,-0.427986448,-0.476452662,-0.514874018,-0.832834157,-0.151495536,-0.70639509,-0.288060739,-0.045746185,-0.09912279,-0.104541675
138,-0.300284054,-0.504377369,0.144045291,-0.373447468,-0.442366844,-0.425163911,0.139137073,-0.059991192,0.16190149,-0.149519722,0.141294248,-0.144826198,-0.449262853,-0.673293832,-0.774367329,0.180563877,-0.54147776,0.191993457,0.15087066,-0.658266134,-0.067941003,0.24109563,0.776591484,0.549402863,1.121861626,-0.547949578,2.308517193,0.940702191,-0.433558928,-0.427986448,-0.476452662,-0.514874018,-0.832834157,-0.151495536,-0.70639509,-0.288060739,-0.045746185,-0.09912279,-0.104541675
139,-0.300284054,-1.97187905,1.906985397,-0.373447468,-0.442366844,-0.425163911,1.782471673,-0.644335632,0.548028045,-0.518561539,-0.547794573,-0.846836777,-0.449262853,0.054925751,-0.774367329,0.565899502,-0.54147776,0.592180118,-0.565103827,-0.658266134,-0.453857494,0.62691352,0.776591484,-0.460704997,1.121861626,-0.547949578,0.277397792,0.940702191,-0.433558928,-0.427986448,-0.476452662,-0.514874018,-0.832834157,-0.151495536,-0.70639509,-0.288060739,-0.045746185,-0.09912279,-0.104541675
140,-1.596702282,-0.504377369,1.025515344,-1.935509709,-0.950511249,-0.982598329,0.960804373,-0.059991192,-0.224225065,-1.256645173,-1.236883393,-0.144826198,-1.315688796,-1.401513414,-0.774367329,-0.975442997,-1.571277752,-1.008566527,-1.281078314,-0.658266134,-1.225690476,-0.53054015,-0.332539431,-0.460704997,1.631331659,-0.547949578,1.292957492,1.21141812,-0.433558928,-0.427986448,-0.476452662,0.152037957,-0.062211856,-0.728660848,-0.687883733,1.942588902,-0.631582353,-0.09912279,-0.104541675
141,-1.164562872,-0.504377369,0.144045291,-1.414822296,0.573921964,0.689704924,0.139137073,-0.644335632,0.16190149,-0.887603356,-0.547794573,-0.846836777,-1.893306091,-2.129732997,-1.820745972,-1.360778622,-2.257811081,-1.408753189,-0.565103827,-1.905400789,-0.839773985,-0.53054015,-0.332539431,-0.460704997,-0.525270416,-0.547949578,2.308517193,0.940702191,-0.433558928,-0.427986448,-0.476452662,-0.514874018,0.772299898,-0.729559147,0.99180988,-0.531926587,-0.618095691,-0.09912279,-0.104541675
142,-0.300284054,-1.97187905,1.025515344,-0.373447468,-0.442366844,-0.425163911,0.960804373,-1.228680072,0.16190149,-1.256645173,-1.925972214,-1.548847356,-0.449262853,-0.673293832,-1.820745972,0.180563877,-0.54147776,0.191993457,-1.997052802,-1.905400789,-1.225690476,0.24109563,-0.332539431,0.549402739,-0.525270416,-0.547949578,1.292957492,1.21141812,-0.433558928,-0.427986448,-0.476452662,-1.00671201,-0.062211856,-0.728660848,-0.687883733,1.942588902,-0.631582353,-0.09912279,-0.104541675
143,0.563994765,-0.504377369,-0.737424762,0.66792736,-1.458655653,-1.540032747,-0.682530227,-0.644335632,-1.38260473,-0.518561539,-0.547794573,-0.846836777,0.128354443,-2.129732997,-1.820745972,0.180563877,0.145055568,0.191993457,-0.565103827,-1.905400789,-0.453857494,-0.53054015,-0.332539431,3.579725946,-0.525270416,-0.547949578,3.324076893,-0.809233089,-0.433558928,-0.427986448,-0.476452662,-1.168920283,-0.062211856,-0.728660848,-0.687883733,1.942588902,-0.631582353,-0.09912279,-0.104541675
144,-0.300284054,-1.97187905,1.906985397,-0.373447468,-0.442366844,-0.425163911,1.782471673,-1.228680072,0.548028045,-1.994728806,-1.925972214,-1.548847356,-1.604497443,0.054925751,-1.820745972,0.565899502,-1.914544417,0.592180118,-1.997052802,-1.905400789,-1.997523458,0.62691352,0.776591484,-0.460704997,1.121861626,-0.547949578,0.277397792,0.940702191,-0.433558928,-0.427986448,-0.476452662,-0.514874018,0.772299898,-0.729559147,0.99180988,-0.531926587,-0.618095691,-0.09912279,-0.104541675
145,-2.028841691,0.963124312,1.906985397,-2.456197123,-2.474944461,-2.654901582,1.782471673,1.693042127,-1.38260473,-1.994728806,-1.925972214,1.96120554,-1.604497443,-2.129732997,1.318389956,-1.360778622,-1.914544417,-1.408753189,-1.997052802,1.836003176,-1.997523458,-1.302175929,-0.332539431,-0.460704997,1.631331659,-0.547949578,0.277397792,0.940702191,-0.433558928,-0.427986448,-0.476452662,1.009496209,0.772299898,-0.729559147,0.99180988,-0.531926587,-0.618095691,-0.09912279,-0.104541675
146,-0.300284054,0.963124312,1.025515344,-0.373447468,-0.442366844,-0.425163911,0.960804373,1.108697688,-0.61035162,-0.518561539,-0.547794573,1.259194961,-0.449262853,-2.129732997,0.272011313,-0.590107373,-0.54147776,-0.608379866,-0.565103827,0.588868521,-0.453857494,-0.53054015,-0.332539431,0.549402863,-0.525270416,-0.547949578,2.341379896,2.591039219,-0.433558928,-0.427986448,-0.476452662,0.628403653,1.359642349,-0.420641777,0.849602033,-0.642393334,-0.197726107,-0.09912279,-0.104541675
147,1.428273583,0.963124312,1.906985397,1.709302188,1.590210773,1.804573759,1.782471673,1.108697688,1.706407709,0.957605728,0.830383069,1.259194961,0.705971738,0.783145334,0.272011313,1.721906376,0.831588897,1.792740103,0.866845148,0.588868521,1.089808469,1.78436719,1.885722399,-0.460704997,-0.525270416,-0.547949578,1.325820196,2.747263982,-0.433558928,-0.427986448,-0.476452662,0.356194684,1.358326297,0.30557932,-0.69044461,-0.591344093,-0.619214576,-0.09912279,-0.104541675
148,-0.300284054,-0.015210138,1.613162051,-0.373447468,-0.442366844,-0.425163911,1.508582573,0.524353248,0.934154599,0.957605728,0.830383069,1.025191438,0.705971738,0.783145334,0.969597072,0.951235126,0.831588897,0.99236678,0.866845148,1.420291621,1.089808469,1.01273141,-0.332539431,-0.460704997,-0.525270416,-0.547949578,-0.738161908,-0.809233089,-0.433558928,5.492969415,4.246202638,0.628403653,-1.317996391,2.346903156,-0.566276481,-0.64209397,3.014315261,-0.09912279,-0.104541675
149,0.131855355,-0.9935446,-0.737424762,-0.026322531,-0.103603914,-0.053540972,-0.408641127,-0.546944889,-0.224225065,-0.149519722,0.026446108,-0.495831488,0.417163091,-0.30918404,-0.425574446,-0.076326536,0.030633343,0.058597899,0.15087066,0.173156966,0.382294899,0.112489663,-0.332539431,-0.289725112,2.062652074,-0.547949578,1.292957492,1.21141812,2.249273471,1.524604081,1.954041244,-0.378305147,-0.832834157,-0.151495536,-0.70639509,-0.288060739,-0.045746185,-0.09912279,-0.104541675
150,0.563994765,-0.504377369,-1.031248108,-0.720572405,-0.781129775,-0.79678685,-0.682530227,-0.644335632,-0.867769319,-0.272533665,-0.088402022,-0.846836777,0.128354443,-0.673293832,-0.251178008,-0.846997785,0.145055568,-0.608379866,-0.565103827,-1.073977689,-0.32521866,-0.273328227,-0.332539431,1.901470245,-0.525270416,-0.547949578,-0.738161908,-0.809233089,-0.433558928,-0.427986448,-0.476452662,0.070794463,-0.062211856,-0.728660848,-0.687883733,1.942588902,-0.631582353,-0.09912279,-0.104541675
151,-0.300284054,-0.015210138,-1.325071468,-0.373447468,-0.442366844,-0.425163911,-1.778086628,-0.644335632,-1.38260473,-0.518561539,-0.777490843,-1.314843834,-0.449262853,-0.187814106,-0.425574446,-1.360778622,-0.999166649,-1.408753189,-1.281078314,0.173156966,-0.711135151,-0.273328227,-0.332539431,-0.460700217,-0.525270416,0.463744476,1.292957492,1.21141812,2.664309087,-0.427986448,-0.476452662,-0.31922605,0.772299898,-0.729559147,0.99180988,-0.531926587,-0.618095691,-0.09912279,-0.104541675
152,-0.300284054,-0.9935446,-1.325071468,-0.199884991,-0.272985371,-0.239352433,-1.778086628,-1.813024512,-0.867769319,-1.010617299,0.370990518,-0.612833254,0.128354443,0.054925751,1.318389956,-1.10388821,0.373900008,-1.408753189,0.270199745,-0.658266134,-0.839773985,-0.787752072,-0.332539431,-0.460704997,2.062652074,-0.547949578,1.292957492,1.21141812,2.664309087,1.524604081,1.954041244,-0.378305147,0.757795091,-0.729477403,1.000117768,-0.530987732,-0.617973143,-0.09912279,-0.104541675
153,0.131855355,-0.015210138,-0.149778055,0.841489837,0.743303438,0.875516402,0.413026173,0.524353248,1.191572298,1.080619671,1.060079339,0.791187904,0.705971738,0.904515269,0.620804197,1.079680339,1.060433336,1.125762338,1.344161476,0.588868521,1.15412788,1.141337377,1.885722399,-0.460704997,-0.525270416,1.47543853,0.277397792,0.940702191,2.249273471,1.524604081,1.954041244,-0.541530041,-1.317996391,2.346903156,-0.566276481,-0.64209397,3.014315261,-0.09912279,-0.104541675
154,-1.164562872,-0.504377369,0.437868637,-1.414822296,-1.458655653,-1.540032747,0.413026173,-0.254772669,-0.867769319,-1.256645173,-1.236883393,-0.378829721,-1.026880148,0.054925751,0.272011313,-0.846997785,-1.228011088,-0.875170969,-1.281078314,0.588868521,-1.225690476,-0.787752072,-0.332539431,-0.118745227,-0.525270416,-0.547949578,-0.738161908,-0.809233089,-0.433558928,-0.427986448,-0.476452662,0.152037957,-0.062211856,-0.728660848,-0.687883733,1.942588902,-0.631582353,-0.09912279,-0.104541675
155,0.131855355,-0.9935446,-0.737424762,-0.199884991,-0.272985371,-0.239352433,-0.956419327,-1.520852292,-0.739060476,-0.887603356,-0.203250162,-1.0808403,-0.160454205,-0.794663766,-0.251178008,-0.846997785,-0.198211096,-0.608379866,-0.445774742,-0.658266134,-0.260899249,-0.53054015,-0.332539431,-0.118745227,2.062652074,-0.547949578,0.277397792,0.940702191,2.249273471,1.524604081,1.954041244,-0.289058303,0.772299898,-0.729559147,0.99180988,-0.531926587,-0.618095691,-0.09912279,-0.104541675
156,0.563994765,0.473957081,-0.443601416,-0.720572405,-0.781129775,-0.79678685,-0.134752027,0.329571771,-0.095516209,0.465549968,0.370990518,0.323180859,0.705971738,0.054925751,-0.251178008,-0.33321696,0.373900008,0.191993457,-0.087787498,-0.658266134,-0.067941003,0.24109563,-0.332539431,-0.460695438,-0.525270416,-0.547949578,-0.738161908,-0.809233089,-0.433558928,-0.427986448,-0.476452662,0.072069885,-0.832834157,-0.151495536,-0.70639509,-0.288060739,-0.045746185,-0.09912279,-0.104541675
157,1.428273583,1.452291543,1.31933869,1.709302188,1.590210773,1.804573759,0.960804373,1.498260651,1.191572298,1.449661488,1.51947189,1.727202017,1.283589034,1.26862506,1.492786394,1.208125539,1.518122225,1.259157883,1.582819635,1.004580076,1.089808469,1.269943332,-0.332539431,-0.460700217,-0.525270416,-0.547949578,-0.738161908,-0.809233089,-0.433558928,-0.427986448,-0.476452662,0.791601621,1.358326297,0.30557932,-0.69044461,-0.591344093,-0.619214576,-0.09912279,-0.104541675
158,-0.300284054,-0.9935446,-1.031248108,-0.373447468,-0.442366844,-0.425163911,-0.682530227,-0.644335632,-0.095516209,-0.272533665,0.600686799,0.089177325,0.128354443,0.297665608,1.492786394,-0.076326536,0.602744458,-0.074797646,0.15087066,0.588868521,0.060697831,-0.016116292,-0.332539431,1.559510722,-0.525270416,-0.547949578,-0.738161908,-0.809233089,-0.433558928,-0.427986448,-0.476452662,-0.357675418,-0.832834157,-0.151495536,-0.70639509,-0.288060739,-0.045746185,-0.09912279,-0.104541675
159,1.428273583,0.963124312,1.025515344,1.709302188,1.590210773,1.804573759,1.508582573,1.693042127,2.478660819,2.433772995,2.208560711,1.96120554,1.861206329,2.2395845,2.364768599,2.492577625,2.204655553,2.593113426,2.298794122,1.836003176,2.633474433,2.556002969,-0.332539431,3.579726318,-0.525270416,-0.547949578,-0.738161908,-0.809233089,-0.433558928,-0.427986448,-0.476452662,0.812992016,-1.778635873,0.830374479,-0.011820924,-0.642132144,-0.631813343,-0.09912279,-0.104541675
160,-0.732423463,-0.015210138,-1.618894815,0.320802423,-1.458655653,0.596799194,-1.230308427,-0.449554155,-0.481642764,-0.272533665,-0.662642713,-1.0808403,-0.7380715,0.297665608,-0.599970892,-0.33321696,-0.54147776,-0.741775424,-0.326445668,0.381012748,-0.260899249,-0.659146117,-0.332539431,-0.460704997,-0.525270416,-0.042102551,0.785177642,1.147254032,2.56593888,-0.427986448,-0.476452662,-0.462879719,-0.476391906,-0.643002479,-0.706772162,1.19511875,-0.606892218,-0.09912279,-0.104541675
161,0.34792506,-0.748960979,-0.884336442,-0.286666238,-0.357676116,-0.239352433,-1.093363877,-1.374766182,-0.867769319,-0.703082447,0.083870184,-0.788335899,0.128354443,-0.430553974,-0.07678157,-0.911220397,0.202266675,-0.741775424,-0.326445668,-0.866121906,-0.421697783,-0.53054015,-0.332539431,0.386308641,1.451288034,-0.547949578,0.785177642,1.147254032,2.56593888,0.548308817,1.379867721,-0.153117631,0.772299898,-0.729559147,0.99180988,-0.531926587,-0.618095691,-0.09912279,-0.104541675
162,0.563994765,0.963124312,-0.149778055,-0.547009945,0.743303438,0.503893445,-0.408641127,0.621743991,-0.61035162,0.404043003,-0.547794573,-0.144826198,-0.160454205,0.176295686,-0.687169106,-1.16811081,-0.827533317,-0.608379866,-1.221413777,-0.242554579,-0.196579838,-0.659146117,-0.332539431,-0.460700217,-0.525270416,1.483622934,0.023507867,0.768137256,1.984713516,-0.427986448,-0.476452662,0.446588302,1.138305001,-0.670711483,2.127483444,-0.638874583,-0.443791954,-0.09912279,-0.104541675
163,0.131855355,-0.9935446,-1.031248108,-0.286666238,-0.272985371,-0.471616785,-0.887947052,-1.228680072,-0.867769319,-0.580068505,-0.174538124,-0.876087222,0.128354443,-0.642951345,-0.469173561,-0.590107373,-0.083788871,-0.474984308,-0.415942479,-0.710230074,-0.196579838,-0.434085677,-0.332539431,-0.460703802,1.451288034,-0.547949578,1.292957492,1.21141812,2.438241583,0.548308817,1.379867721,0.281353246,-0.062211856,-0.728660848,-0.687883733,1.942588902,-0.631582353,-0.09912279,-0.104541675
164,0.996134174,-0.015210138,-0.737424762,0.320802423,0.743303438,-0.425163911,-0.682530227,-0.254772669,-0.481642764,0.342536037,0.715534929,0.089177325,0.994780386,0.419035543,0.620804197,-0.204771748,0.831588897,0.191993457,0.389528819,-0.450410361,0.060697831,0.369701597,-0.332539431,-0.460695438,-0.525270416,-0.547949578,-0.738161908,-0.809233089,-0.433558928,-0.427986448,-0.476452662,3.176817357,0.394196321,-0.736354775,-0.395298972,0.311020017,-0.631812969,-0.09912279,-0.104541675
165,-1.164562872,0.718540703,-0.590513082,-0.373447468,-0.272985371,-0.053540972,-0.682530227,0.329571771,-0.739060476,-0.334040631,-1.064611188,-0.495831488,-1.026880148,-0.855348727,-0.861565552,-0.46166216,-1.113588863,-1.008566527,-0.863426534,-0.554338243,-0.96841282,-0.980661017,-0.332539431,-0.460702607,-0.525270416,0.969591503,-0.230382058,0.527302058,1.615488163,-0.427986448,-0.476452662,-0.185515211,-0.062211856,-0.728660848,-0.687883733,1.942588902,-0.631582353,-0.09912279,-0.104541675
166,-0.300284054,-1.23812821,-0.443601416,-0.026322531,-0.188294642,-0.192899577,-0.408641127,-1.374766182,-0.739060476,-1.164384718,-0.834914918,-1.548847356,-0.7380715,-1.128431071,-1.297556651,-0.365328254,-0.884744424,-0.408286535,-0.803761986,-0.658266134,-0.389538083,-0.659146117,-0.332539431,-0.460704997,1.976604881,-0.295026064,0.023507867,0.768137256,1.066189976,0.548308817,1.379867721,-0.498512258,0.394196321,-0.736354775,-0.395298972,0.311020017,-0.631812969,-0.09912279,-0.104541675
167,0.34792506,-0.748960979,-0.296689735,-0.286666238,-0.357676116,-0.425163911,-0.545585677,-1.033898595,0.033192634,-0.395547596,0.313566454,-0.495831488,0.272758767,-0.127129144,0.18481309,-0.654329973,0.145055568,-0.274890977,0.031541575,-0.34648247,0.125017242,-0.30547971,0.776591484,0.386308703,2.062652074,-0.042102551,-0.230382058,0.527302058,-0.433558928,1.524604081,1.954041244,1.954425085,0.772299898,-0.729559147,0.99180988,-0.531926587,-0.618095691,-0.09912279,-0.104541675
168,0.131855355,0.963124312,-0.002866389,0.66792736,0.912684895,0.875516402,-0.408641127,0.621743991,-0.095516209,0.342536037,-0.605218637,-0.027824431,-0.7380715,-0.187814106,-0.687169106,-0.076326536,-0.598688867,-0.474984308,-0.207116583,-0.242554579,-0.357378372,-0.337631205,-0.332539431,-0.460700217,-0.525270416,1.997654365,0.277397792,0.940702191,2.249273471,-0.427986448,-0.476452662,-0.243732358,1.359642349,-0.420641777,0.849602033,-0.642393334,-0.197726107,-0.09912279,-0.104541675
169,-0.084214349,0.718540703,0.437868637,0.58114613,1.759592246,0.503893445,0.139137073,0.524353248,0.033192634,-0.026505779,-0.605218637,0.030676447,-0.882475824,-1.037403623,-0.861565552,0.180563877,-0.655899985,-0.208193205,-0.147452046,-0.658266134,-0.453857494,-0.723449095,1.885722399,-0.460704997,-0.525270416,-0.042102551,0.277397792,0.940702191,-0.433558928,-0.427986448,-0.476452662,-0.457190897,1.359642349,-0.420641777,0.849602033,-0.642393334,-0.197726107,-0.09912279,-0.104541675
170,-0.516353758,-0.9935446,-0.884336442,-0.807353652,-0.696439047,-0.425163911,-1.161836152,-1.228680072,-0.481642764,-0.795342902,-0.145826097,-1.022339422,-0.7380715,-0.794663766,-0.599970892,-1.200222116,-0.655899985,-1.175310965,-0.386110205,-0.554338243,-0.486017206,-0.626994622,-0.332539431,-0.460704997,1.982793821,-0.295026064,1.039067567,1.195569631,1.615488163,0.548308817,1.379867721,-0.324257801,0.394196321,-0.736354775,-0.395298972,0.311020017,-0.631812969,-0.09912279,-0.104541675
171,-0.300284054,-0.259793759,-0.590513082,-0.026322531,-0.103603914,0.039364776,-0.956419327,-0.887812485,-0.031161788,-0.48780805,-0.318098303,-0.963838544,-0.593667176,-0.976718662,-0.861565552,-1.007554304,-0.713111092,-1.108613193,-0.087787498,-0.762194025,-0.196579838,-0.14472226,-0.332539431,-0.289722722,-0.525270416,-0.042102551,-0.230382058,0.527302058,1.615488163,0.548308817,1.379867721,-0.471316365,1.138305001,-0.670711483,2.127483444,-0.638874583,-0.443791954,-0.09912279,-0.104541675
172,-0.732423463,0.473957081,-0.443601416,-0.199884991,-0.272985371,-0.239352433,-0.134752027,0.329571771,-0.352933921,-0.026505779,-0.203250162,0.323180859,-0.449262853,-0.673293832,-0.251178008,-0.076326536,-0.140999989,-0.408286535,-0.028122961,-0.866121906,-0.582496329,-0.401934182,-0.332539431,-0.460697828,-0.525270416,-0.547949578,-0.738161908,-0.809233089,-0.433558928,-0.427986448,-0.476452662,1.164493197,-0.476391906,-0.643002479,-0.706772162,1.19511875,-0.606892218,-0.09912279,-0.104541675
173,-0.732423463,-0.504377369,-0.149778055,-0.199884991,-0.272985371,-0.239352433,0.139137073,-0.352163412,-0.095516209,-0.211026688,-0.088402022,-0.027824431,-0.160454205,-0.066444183,0.097614876,0.180563877,-0.083788871,-0.074797646,0.508857904,-0.138626698,-0.260899249,-0.016116292,-0.332539431,-0.460701412,2.062652074,-0.547949578,-0.738161908,-0.809233089,-0.433558928,-0.427986448,-0.476452662,-0.411578502,-0.832834157,-0.151495536,-0.70639509,-0.288060739,-0.045746185,-0.09912279,-0.104541675
174,0.131855355,-0.015210138,-1.031248108,-0.894134882,-0.950511249,-0.982598329,-0.956419327,-0.352163412,-0.61035162,-0.026505779,-0.318098303,-0.72983501,-0.160454205,-0.916033689,-1.123160213,-1.10388821,-0.54147776,-0.741775424,-0.684432912,-1.489689234,-0.453857494,-0.14472226,-0.332539431,1.559515254,1.964959161,-0.547949578,1.292957492,1.21141812,-0.433558928,-0.427986448,-0.476452662,-0.136471663,-0.062211856,-0.728660848,-0.687883733,1.942588902,-0.631582353,-0.09912279,-0.104541675
175,-0.300284054,-0.259793759,-0.737424762,0.320802423,0.235159033,0.318081985,-1.230308427,-0.839117109,-0.61035162,-0.764589413,0.370990518,-0.144826198,0.128354443,0.054925751,1.056795295,-0.590107373,0.373900008,-1.008566527,0.628186989,-0.658266134,-1.032732231,-0.91635804,-0.332539431,-0.460702607,-0.525270416,-0.547949578,-0.230382058,0.527302058,1.615488163,0.548308817,1.379867721,-0.413541447,1.138305001,-0.670711483,2.127483444,-0.638874583,-0.443791954,-0.09912279,-0.104541675
176,0.563994765,-0.015210138,-0.737424762,-0.807353652,0.404540491,0.503893445,-0.408641127,-0.059991192,-0.352933921,0.465549968,-0.203250162,-0.612833254,0.128354443,-0.127129144,-0.774367329,-0.33321696,-0.369844428,0.058597899,-0.565103827,-0.658266134,0.317975488,0.434004575,1.885722399,-0.460704997,-0.525270416,0.463744476,0.277397792,0.940702191,-0.433558928,-0.427986448,-0.476452662,-1.083444407,-0.832834157,-0.151495536,-0.70639509,-0.288060739,-0.045746185,-0.09912279,-0.104541675
177,-0.084214349,-0.259793759,-0.737424762,-0.460228698,-0.357676116,-0.053540972,-0.408641127,-0.254772669,0.16190149,0.158015129,0.026446108,-0.378829721,-0.160454205,0.054925751,-0.425574446,-0.204771748,-0.055183323,0.025249019,0.001709313,-0.29451853,0.253656076,0.24109563,0.222026026,-0.375213859,1.558205128,0.210820963,0.277397792,0.940702191,1.615488163,0.060161184,0.882234736,-0.331981162,-0.832834157,-0.151495536,-0.70639509,-0.288060739,-0.045746185,-0.09912279,-0.104541675
178,-1.164562872,0.229373472,1.466250371,-0.373447468,0.06577756,0.132270506,1.371638023,0.816525468,0.16190149,-0.241780177,-0.289386265,0.732687026,-0.449262853,-0.491238936,0.010416653,0.565899502,-0.369844428,0.191993457,-0.117619772,-0.034698806,-0.357378372,-0.337631205,1.331156941,-0.460704997,0.680306794,-0.547949578,0.785177642,1.147254032,-0.433558928,-0.427986448,-0.476452662,1.075986731,-0.832834157,-0.151495536,-0.70639509,-0.288060739,-0.045746185,-0.09912279,-0.104541675
179,-0.948493168,-0.015210138,-0.443601416,-0.026322531,0.912684895,-0.332258181,-0.134752027,-0.059991192,0.033192634,-0.026505779,0.026446108,0.147678214,-0.304858529,-0.491238936,0.097614876,-0.012103936,0.145055568,-0.208193205,0.15087066,-0.450410361,-0.357378372,-0.273328227,-0.332539431,-0.375215054,1.964180842,-0.042102551,-0.230382058,0.527302058,-0.433558928,1.052252518,2.51867585,-0.576115981,-0.832834157,-0.151495536,-0.70639509,-0.288060739,-0.045746185,-0.09912279,-0.104541675
180,-0.732423463,-0.504377369,-0.884336442,-0.373447468,-0.527057573,-0.332258181,-0.682530227,-0.546944889,-0.095516209,-0.272533665,-0.088402022,-0.43733061,-0.449262853,-0.551923897,-0.425574446,-0.46166216,-0.255422203,-0.741775424,-0.028122961,-0.762194025,-0.32521866,-0.401934182,-0.332539431,-0.460702607,1.964180842,-0.295026064,0.785177642,1.147254032,-0.433558928,0.060161184,0.882234736,-0.177379121,-0.476391906,-0.643002479,-0.706772162,1.19511875,-0.606892218,-0.09912279,-0.104541675
181,-0.300284054,-0.9935446,-0.296689735,0.320802423,0.150468288,-0.518069642,-0.271696577,-1.131289329,-0.867769319,-1.13363123,-0.892338983,-1.110090744,-0.593667176,-1.492540862,-1.210358428,0.052118664,-0.427055535,-0.30823987,-0.684432912,-1.17790557,-0.743294862,-0.948509534,-0.332539431,0.129838875,1.418664424,-0.295026064,0.785177642,1.147254032,-0.433558928,1.036456449,1.714364938,-0.606149304,0.394196321,-0.736354775,-0.395298972,0.311020017,-0.631812969,-0.09912279,-0.104541675
182,0.131855355,-0.9935446,-0.884336442,-0.460228698,-0.442366844,-0.657428246,-0.819474777,-0.839117109,-0.352933921,-0.580068505,0.026446108,-0.612833254,0.272758767,-0.369869001,-0.599970892,-0.557996066,-0.055183323,-0.274890977,-0.236948857,-0.502374302,-0.084020853,-0.241176732,-0.332539431,0.215328756,1.451288034,-0.547949578,0.277397792,0.940702191,1.615488163,0.548308817,1.379867721,-0.016117151,-0.476391906,-0.643002479,-0.706772162,1.19511875,-0.606892218,-0.09912279,-0.104541675
183,1.428273583,1.696875153,1.025515344,0.320802423,0.573921964,0.689704924,0.960804373,1.693042127,0.934154599,1.695689361,0.600686799,1.259194961,0.705971738,1.26862506,0.272011313,0.437454289,0.373900008,0.99236678,0.15087066,0.796724293,1.089808469,0.498307553,-0.332539431,-0.460704997,-0.525270416,3.54793306,-0.738161908,-0.809233089,-0.433558928,-0.427986448,-0.476452662,4.363825537,1.138305001,-0.670711483,2.127483444,-0.638874583,-0.443791954,-0.09912279,-0.104541675
184,1.428273583,0.473957081,-0.443601416,-0.373447468,-0.442366844,-0.982598329,-0.134752027,0.329571771,0.16190149,0.957605728,0.600686799,0.323180859,1.283589034,0.297665608,-0.251178008,-0.33321696,0.488322233,0.592180118,0.031541575,-0.866121906,0.189336653,0.498307553,-0.332539431,-0.460690658,-0.525270416,-0.547949578,-0.738161908,-0.809233089,-0.433558928,-0.427986448,-0.476452662,2.024498331,-0.476391906,-0.643002479,-0.706772162,1.19511875,-0.606892218,-0.09912279,-0.104541675
